sku,alternate_sku,product_name,colour,category,product_type,material,rrp,review_status
312039901-1,,,BLACK/RED,SHOES,BOXING,MESH/SYNTHETIC LEATHER,899,PENDING_REVIEW
312039902-1,,SPORTS,BLACK/WHITE,SHOES,BOXING,MESH/SYNTHETIC LEATHER,749,PENDING_REVIEW
312039902-2,,SPORTS,BLACK/WHITE,SHOES,BOXING,MESH/SYNTHETIC LEATHER,749,PENDING_REVIEW
312121102-4,,BIG KIDS,BLK/LMNCE LGHT GRN,SHOES,BASKETBALL,MOLDING EVA/RB,799,PENDING_REVIEW
312121110-1,,BIG KIDS,WHT/BLU/FLRSCNT RD,SHOES,BASKETBALL,MOLDING EVA/RB,1049,PENDING_REVIEW
312121110-2,,BIG KIDS,BLK/FLRSCNT GRN/SLVR,SHOES,BASKETBALL,MOLDING EVA/RB,1049,PENDING_REVIEW
312121110-3,,BIG KIDS,BLACK/LIGHT GRY/WHT,SHOES,BASKETBALL,MOLDING EVA/RB,1049,PENDING_REVIEW
312121110-4,,BIG KIDS,BLU/BLU/FLRSCNT RD,SHOES,BASKETBALL,MOLDING EVA/RB,1049,PENDING_REVIEW
312121130-1,,BIG KIDS,BLUE,SHOES,BASKETBALL,MOLDING EVA/RB/TPU,1549,PENDING_REVIEW
312121130-2,,BIG KIDS,BLACK/BLUE,SHOES,BASKETBALL,MOLDING EVA/RB/TPU,1549,PENDING_REVIEW
312121130-3,,BIG KIDS,WHITE/GLACIER BLUE,SHOES,BASKETBALL,MOLDING EVA/RB/TPU,1549,PENDING_REVIEW
312125599-1,,BIG KIDS,BLK/FLRSCNT GRN/WHT,SHOES,RUNNING,MOLDING EVA,599,PENDING_REVIEW
312125599-3,,BIG KIDS,BLUE/BLACK/WHITE,SHOES,RUNNING,MOLDING EVA,599,PENDING_REVIEW
312126930-1,,BIG KIDS,BLACK/RED,SHOES,OUTDOOR,MOLDING EVA/TPR,599,PENDING_REVIEW
312126930-2,,BIG KIDS,BLACK/FLRESCNT GRN,SHOES,OUTDOOR,MOLDING EVA/TPR,599,PENDING_REVIEW
312126990-1,,BIG KIDS,BLACK/LUMINANCE ORNG,SHOES,OUTDOOR,MOLDING EVA/RB/TPU,899,PENDING_REVIEW
312126991-1,,BIG KIDS,BLACK/GREEN,SHOES,OUTDOOR,MOLDING EVA/RB/TPU,699,PENDING_REVIEW
312128008-2,,BIG KIDS,WHITE/GREEN,SHOES,LIFESTYLE,MOLDING EVA,498.99999999999994,PENDING_REVIEW
312128858-2,,BIG KIDS,COAST BLU/ORNG/WHT,SHOES,LIFESTYLE,MOLDING EVA,498.99999999999994,PENDING_REVIEW
312128862-1,,BIG KIDS,WHT/BLU/FLRSCNT RD,SHOES,LIFESTYLE,MOLDING EVA/RB/TPU,799,PENDING_REVIEW
312131115-4,,,BLACK,SHOES,BASKETBALL,MESH/SYNTHETIC LEATHER,899,PENDING_REVIEW
312131120-2,,,BLK/LMNC LGHT GRN,SHOES,BASKETBALL,MESH/TPU,1299,PENDING_REVIEW
312133301S-1,,PINGPONG,WHITE,SHOES,BASKETBALL,SYNTHETIC LEATHER/MESH,649,PENDING_REVIEW
312135501-1,,,WHT/BLK/FLRSNT GRN,SHOES,RUNNING,MESH/TPU,1299,PENDING_REVIEW
312135501-3,,,BLACK/SILVER,SHOES,RUNNING,MESH/TPU,1299,PENDING_REVIEW
312135530-2,,,BLUE/BLACK,SHOES,RUNNING,MESH/SYNTHETIC LEATHER,799,PENDING_REVIEW
312135530-3,,,BLACK,SHOES,RUNNING,MESH/SYNTHETIC LEATHER,799,PENDING_REVIEW
312135530S-1,,,WHT/LGHT SILVER GRAY,SHOES,RUNNING,SYNTHETIC LEATHER/MESH,799,PENDING_REVIEW
312135533-3,,,BLK/LMNC LGHT GRN,SHOES,RUNNING,MESH,799,PENDING_REVIEW
312135533-4,,,BLK/WHT/LMNC ORANGE,SHOES,RUNNING,MESH,799,PENDING_REVIEW
312135555-3,,,BLK/WHT/LUMINANCE RD,SHOES,RUNNING,MESH/SYNTHETIC LEATHER/TPU,549,PENDING_REVIEW
312135585-1,,,BLK/SLVR/FLR AQUA GRN,SHOES,RUNNING,MESH/TPU/SYNTHETIC LEATHER,1049,PENDING_REVIEW
312135585-2,,,BLUE/BLACK,SHOES,RUNNING,MESH/TPU/SYNTHETIC LEATHER,1049,PENDING_REVIEW
312135585-3,,,BLACK/SEED GREEN,SHOES,RUNNING,MESH/TPU/SYNTHETIC LEATHER,1049,PENDING_REVIEW
312135588-3,,,BLK/LMNC LGHT GRN,SHOES,RUNNING,MESH/TPU,1149,PENDING_REVIEW
312135588-6,,,BLU/BLU/FLRSNT ORNG,SHOES,RUNNING,MESH/TPU,1149,PENDING_REVIEW
312135588-7,,,BLK/SLVR/FLRSNT GRN,SHOES,RUNNING,MESH/TPU,1149,PENDING_REVIEW
312138003-11,,,BLACK/WHITE,SHOES,LIFESTYLE,SYNTHETIC LEATHER,799,PENDING_REVIEW
312138003-14,,,WHITE,SHOES,LIFESTYLE,SYNTHETIC LEATHER,799,PENDING_REVIEW
312138009S-4,,,WHITE,SHOES,LIFESTYLE,SYNTHETIC LEATHER,649,PENDING_REVIEW
312138096-3,,,WHITE/BLACK,SHOES,LIFESTYLE,SYNTHETIC LEATHER/MESH,649,PENDING_REVIEW
312138096S-2,,,WHITE,SHOES,LIFESTYLE,SYNTHETIC LEATHER/MESH,649,PENDING_REVIEW
312138810-3,,,BLACK,SHOES,LIFESTYLE,SYNTHETIC LEATHER/MESH,649,PENDING_REVIEW
312138891-4,,,WHT/BLK/DIGITAL GRN,SHOES,LIFESTYLE,MESH/SYNTHETIC LEATHER,899,PENDING_REVIEW
312139953-1,,,WHITE/BLACK/RED,SHOES,BASKETBALL,SYNTHETIC LEATHER/MESH,699,PENDING_REVIEW
312139953-2,,,BLK/CST BLU/LMNC RD,SHOES,BASKETBALL,MESH/SYNTHETIC LEATHER,699,PENDING_REVIEW
312139953-3,,,WHITE/BLACK/PURPLE,SHOES,BASKETBALL,MESH/SYNTHETIC LEATHER,699,PENDING_REVIEW
312141102-4,,,BLACK/ORANGE,SHOES,BASKETBALL,SYNTHETIC LEATHER/TPU,1199,PENDING_REVIEW
312141103-3,,,BLACK/RED,SHOES,BASKETBALL,SYNTHETIC LEATHER/TPU,949,PENDING_REVIEW
312141103-4,,,BLACK/GREEN,SHOES,BASKETBALL,SYNTHETIC LEATHER/TPU,949,PENDING_REVIEW
312141104-3,,,BLACK,SHOES,BASKETBALL,SYNTHETIC LEATHER/MESH/TPU,1349,PENDING_REVIEW
312141104-5,,,BLACK/RED,SHOES,BASKETBALL,SYNTHETIC LEATHER/MESH/TPU,1349,PENDING_REVIEW
312141118-2,,,BLACK/SILVER,SHOES,BASKETBALL,SYNTHETIC LEATHER/MESH,799,PENDING_REVIEW
312141118-3,,,BLACK/RED,SHOES,BASKETBALL,SYNTHETIC LEATHER/MESH,799,PENDING_REVIEW
312145510-2,,,BLACK/SILVER/RED,SHOES,RUNNING,SYNTHETIC LEATHER/MESH/TPU,1049,PENDING_REVIEW
312148002-2,,,WHITE/D.BLUE,SHOES,LIFESTYLE,SYNTHETIC LEATHER/MESH,949,PENDING_REVIEW
312148002-4,,,BLACK/RED,SHOES,LIFESTYLE,SYNTHETIC LEATHER/MESH,949,PENDING_REVIEW
312148078-2,,,BLACK/WHITE,SHOES,LIFESTYLE,SYNTHETIC LEATHER,799,PENDING_REVIEW
312148078-3,,,BLACK/MUDDY BLUE,SHOES,LIFESTYLE,SYNTHETIC LEATHER,799,PENDING_REVIEW
312148078-5,,,WHITE/RED/BLACK,SHOES,LIFESTYLE,SYNTHETIC LEATHER,799,PENDING_REVIEW
312148078S-1,,,WHITE,SHOES,LIFESTYLE,SYNTHETIC LEATHER,799,PENDING_REVIEW
312148863-8,,,BLACK/ORANGE,SHOES,LIFESTYLE,MESH/SYNTHETIC LEATHER/TPU,949,PENDING_REVIEW
312148888-2,,,BLACK,SHOES,LIFESTYLE,MESH/SYNTHETIC LEATHER/TPU,949,PENDING_REVIEW
312241112-1,,,WHITE/BLACK/GREEN,SHOES,BASKETBALL,SYNTHETIC LEATHER/MESH,1399,PENDING_REVIEW
312241112-5,,,BLACK/BLUE/PURPLE,SHOES,BASKETBALL,SYNTHETIC LEATHER/MESH,1399,PENDING_REVIEW
312248003-3,,,BLACK/WHITE,SHOES,LIFESTYLE,SYNTHETIC LEATHER/MESH,1149,PENDING_REVIEW
312248003-4,,,BLACK/WHITE/GREEN,SHOES,LIFESTYLE,SYNTHETIC LEATHER/MESH,1149,PENDING_REVIEW
312249913-1,,,WHITE/BLACK/RED,SHOES,LIFESTYLE,SYNTHETIC LEATHER/MESH,849,PENDING_REVIEW
312249913-2,,,BEIGE/BLUE/BLACK,SHOES,LIFESTYLE,SYNTHETIC LEATHER/MESH,849,PENDING_REVIEW
312311115-1,,BASKETBALL SHOES,BLACK/WHITE/BLUE,SHOES,BASKETBALL,MESH/TPU/SYNTHETIC LEATHER,1299,PENDING_REVIEW
312311115-2,,BASKETBALL SHOES,BLACK/RED/STEEL GREY,SHOES,BASKETBALL,MESH/TPU/SYNTHETIC LEATHER,1299,PENDING_REVIEW
312311115-4,,BASKETBALL SHOES,BLACK/GREEN,SHOES,BASKETBALL,MESH/TPU/SYNTHETIC LEATHER,1299,PENDING_REVIEW
312319951-1,,BASKETBALL SHOES,BLACK/GREEN,SHOES,LIFESTYLE,SYNTHETIC LEATHER/MESH,998.9999999999999,PENDING_REVIEW
312319951-2,,BASKETBALL SHOES,WHITE/BLACK/RED,SHOES,LIFESTYLE,SYNTHETIC LEATHER/MESH,998.9999999999999,PENDING_REVIEW
31831103-1,,,RED/BLACK/WHITE,SHOES,BASKETBALL,MESH/SYNTHETIC LEATHER,1049,PENDING_REVIEW
31831103-2,,,BLACK/GOLD/WHITE,SHOES,BASKETBALL,MESH/SYNTHETIC LEATHER,1049,PENDING_REVIEW
322125511-4,,BIG KIDS,WHITE/LIGHT PINK,SHOES,RUNNING,MOLDING EVA/RB/TPU,899,PENDING_REVIEW
322125533-5,,BIG KIDS,PRPL GRY/PNK/WHT,SHOES,RUNNING,MOLDING EVA,599,PENDING_REVIEW
322125534-7,,BIG KIDS,BLK/FLRSCNT PNK/WHT,SHOES,RUNNING,MOLDING EVA,498.99999999999994,PENDING_REVIEW
322125588-4,,BIG KIDS,BLACK/LIGHT PURPLE,SHOES,RUNNING,MOLDING EVA,699,PENDING_REVIEW
322126921-3,,BIG KIDS,WHITE/PINK,SHOES,OUTDOOR,MOLDING EVA,498.99999999999994,PENDING_REVIEW
322126967-2,,BIG KIDS,WHITE/PURPLE,SHOES,OUTDOOR,MOLDING EVA/RB,799,PENDING_REVIEW
322126967-3,,BIG KIDS,BLACK/FOG PURPLE,SHOES,OUTDOOR,MOLDING EVA/RB,799,PENDING_REVIEW
322126990-4,,BIG KIDS,WHT/PNK/LGHT PRPL,SHOES,OUTDOOR,MOLDING EVA/RB/TPU,899,PENDING_REVIEW
322126991-1,,BIG KIDS,WHITE/YELLOW,SHOES,OUTDOOR,MOLDING EVA/RB/TPU,699,PENDING_REVIEW
322128010-6,,BIG KIDS,IVORY WHITE,SHOES,LIFESTYLE,MOLDING EVA,498.99999999999994,PENDING_REVIEW
322128877-2,,BIG KIDS,IVORY WHITE/PINK,SHOES,LIFESTYLE,MOLDING EVA/RB/TPU,899,PENDING_REVIEW
322135562-5,,,WHITE/PINK/BLUE,SHOES,RUNNING,MESH/SYNTHETIC LEATHER/TPU,799,PENDING_REVIEW
322135565-2,,,BLACK/PINK,SHOES,RUNNING,MESH/SYNTHETIC LEATHER,649,PENDING_REVIEW
322135598-7,,,WHITE,SHOES,RUNNING,MESH/TPU,1049,PENDING_REVIEW
322135598-8,,,BLACK/PINK,SHOES,RUNNING,MESH/TPU,1049,PENDING_REVIEW
322138003-7,,,WHITE/HAZE VIOLET,SHOES,LIFESTYLE,SYNTHETIC LEATHER,799,PENDING_REVIEW
322138009-2,,,IVORY WHITE,SHOES,LIFESTYLE,SYNTHETIC LEATHER,649,PENDING_REVIEW
322138813-1,,,WHITE/BLACK,SHOES,LIFESTYLE,SYNTHETIC LEATHER/MESH,799,PENDING_REVIEW
322138813-2,,,IVORY WHT/CLR WTR RD,SHOES,LIFESTYLE,SYNTHETIC LEATHER/MESH,799,PENDING_REVIEW
322138813-3,,,WHITE/BLACK,SHOES,LIFESTYLE,SYNTHETIC LEATHER/MESH,799,PENDING_REVIEW
322138885-3,,,WHITE/GREY PURPLE,SHOES,LIFESTYLE,MESH/SYNTHETIC LEATHER,649,PENDING_REVIEW
322138885-5,,,BLACK/WHITE,SHOES,LIFESTYLE,SYNTHETIC LEATHER,649,PENDING_REVIEW
322138885S-4,,,WHITE,SHOES,LIFESTYLE,MESH/SYNTHETIC LEATHER,649,PENDING_REVIEW
322138889-2,,,IVORY WHITE,SHOES,LIFESTYLE,MESH/SYNTHETIC LEATHER/TPU,899,PENDING_REVIEW
322138889-3,,,BLACK/IVORY WHITE,SHOES,LIFESTYLE,MESH/SYNTHETIC LEATHER/TPU,899,PENDING_REVIEW
322138890-5,,,WHITE/GLACIER BLUE,SHOES,LIFESTYLE,MESH/SYNTHETIC LEATHER/TPU,899,PENDING_REVIEW
322138890-7,,,BLACK,SHOES,LIFESTYLE,MESH/SYNTHETIC LEATHER/TPU,899,PENDING_REVIEW
322148002-9,,,WHITE/BLUE,SHOES,LIFESTYLE,SYNTHETIC LEATHER/MESH,949,PENDING_REVIEW
322148078-2,,,BEIGE/BLACK,SHOES,LIFESTYLE,SYNTHETIC LEATHER,799,PENDING_REVIEW
322148089-2,,,BEIGE/GRAY,SHOES,LIFESTYLE,SYNTHETIC LEATHER/MESH,949,PENDING_REVIEW
322248001-1,,,WHITE/L.PURPLE/PINK,SHOES,LIFESTYLE,MESH/SYNTHETIC LEATHER,1149,PENDING_REVIEW
322248001-3,,,BEIGE/YELLOW,SHOES,LIFESTYLE,MESH/SYNTHETIC LEATHER,1149,PENDING_REVIEW
322248002-1,,,WHITE/GREEN/PINK,SHOES,LIFESTYLE,SYNTHE PU/MESH/COW SUEDE,1249,PENDING_REVIEW
332039903-1,,SPORTS,BLACK,SHOES,BOXING,MESH/SYNTHETIC LEATHER,899,PENDING_REVIEW
332039903-2,,SPORTS,BLACK,SHOES,BOXING,MESH/SYNTHETIC LEATHER,899,PENDING_REVIEW
332039903-5,,SPORTS,PEARL PINK/INDY PINK,SHOES,BOXING,MESH/SYNTHETIC LEATHER,899,PENDING_REVIEW
332039911-1,,FASHION,BLACK,SHOES,BOXING,MESH/SYNTHETIC LEATHER,899,PENDING_REVIEW
332039911-2,,FASHION,BLACK,SHOES,BOXING,MESH/SYNTHETIC LEATHER,899,PENDING_REVIEW
332039911-4,,FASHION,LIGHT PINK,SHOES,BOXING,MESH/SYNTHETIC LEATHER,899,PENDING_REVIEW
332139908-1,,,BLACK/BRIGHTNESS RED,SHOES,RUNNING,MESH/SYNTHETIC LEATHER,799,PENDING_REVIEW
332139908-3,,,MUDDY BLU/BLU/BLK,SHOES,RUNNING,MESH/SYNTHETIC LEATHER,799,PENDING_REVIEW
332139908-8,,,BLK/PEARL PINK/SLVR,SHOES,RUNNING,MESH/SYNTHETIC LEATHER,799,PENDING_REVIEW
332139921-1,,,BLACK/WHITE/YELLOW,SHOES,LIFESTYLE,MESH/SYNTHETIC LEATHER,699,PENDING_REVIEW
332139921-2,,,BLACK/BLUE,SHOES,LIFESTYLE,MESH/SYNTHETIC LEATHER,699,PENDING_REVIEW
332139921-3,,,BLU/WHT/LGHT INK BLU,SHOES,LIFESTYLE,MESH/SYNTHETIC LEATHER,699,PENDING_REVIEW
332139921-4,,,WHT/BLU INK/FLAG YLW,SHOES,LIFESTYLE,MESH/SYNTHETIC LEATHER,699,PENDING_REVIEW
332139921-5,,,WHT/ELECTRO RD/BLU,SHOES,LIFESTYLE,MESH/SYNTHETIC LEATHER,699,PENDING_REVIEW
332139921-8,,,BLK/LGHT WHT /CYNNE,SHOES,LIFESTYLE,MESH/SYNTHETIC LEATHER,699,PENDING_REVIEW
332139930-2,,,IVORY WHT/BLK/ORANGE,SHOES,LIFESTYLE,MESH/SYNTHETIC LEATHER,799,PENDING_REVIEW
332139930-3,,,BLK/ORANGE/MID-BLU,SHOES,LIFESTYLE,MESH/SYNTHETIC LEATHER,799,PENDING_REVIEW
332139930-6,,,IVRYWHT/PRPL/CHRY RD,SHOES,LIFESTYLE,MESH/SYNTHETIC LEATHER,799,PENDING_REVIEW
332139930-7,,,BKDRP BLU/BLU/WHT,SHOES,LIFESTYLE,MESH/SYNTHETIC LEATHER,799,PENDING_REVIEW
332139932-2,,,WHITE/CHERRY RED,SHOES,BOXING,SYNTHETIC LEATHER,599,PENDING_REVIEW
332139932-3,,,WHITE/COLLEGE RED,SHOES,BOXING,SYNTHETIC LEATHER,599,PENDING_REVIEW
332139971-2,,,BLACK/BLUE/WHITE,SHOES,BOXING,SYNTHETIC LEATHER/MESH,599,PENDING_REVIEW
332139971-3,,,WHITE/PINK/BLACK,SHOES,BOXING,SYNTHETIC LEATHER/MESH,599,PENDING_REVIEW
332139988-2,,,BLK/FLRSNT GRN/WHT,SHOES,RUNNING,MESH/SYNTHETIC LEATHER,399,PENDING_REVIEW
332155501R-2,,BIG KIDS,BLK/LMINNCE LGHT GRN,SHOES,RUNNING,MOLDING EVA,498.99999999999994,PENDING_REVIEW
332155502R-1,,BIG KIDS,WHT/LGHT SLVR GRY,SHOES,RUNNING,MOLDING EVA,399,PENDING_REVIEW
332155502R-2,,BIG KIDS,BLACK,SHOES,RUNNING,MOLDING EVA,399,PENDING_REVIEW
332155502R-3,,BIG KIDS,BLK/LMINNCE LGHT GRN,SHOES,RUNNING,MOLDING EVA,399,PENDING_REVIEW
352031725-2,,KT,BEECH RED,CLOTHING,HOODIES,94%COTTON6%POLYESTER,899,PENDING_REVIEW
352131101-1,,BASKETBALL,PURE WHITE,CLOTHING,T-SHIRT,66%COTTON 34%POLYESTER,399,PENDING_REVIEW
352131101-3,,BASKETBALL,LUMINESCENT GREEN,CLOTHING,T-SHIRT,66%COTTON 34%POLYESTER,399,PENDING_REVIEW
352131202-2,,BASKETBALL,DREAM BLACK,CLOTHING,GAME SUIT,100% POLYESTER,299,PENDING_REVIEW
352131502-1,,BASKETBALL,DREAM BLACK,CLOTHING,PANT,88%POLYESTER 12%SPANDEX,449,PENDING_REVIEW
352135511-1,,RUNNING,BLACK/BLUE,CLOTHING,PANT,87%NYLON13%SPANDEX,599,PENDING_REVIEW
352135641-1,,RUNNING,DREAM BLACK,CLOTHING,TRACK TOP,100%POLYESTER,899,PENDING_REVIEW
352135641-2,,RUNNING,PURE WHITE,CLOTHING,TRACK TOP,100%POLYESTER,899,PENDING_REVIEW
352135642-2,,RUNNING,LUMINESCENT GREEN,CLOTHING,TRACK TOP,100% POLYESTER,949,PENDING_REVIEW
352135650-1,,RUNNING,PURE WHITE,CLOTHING,TRACK TOP,100% NYLON,1049,PENDING_REVIEW
352135650-2,,RUNNING,BLUE,CLOTHING,TRACK TOP,100% NYLON,1049,PENDING_REVIEW
352135703-3,,RUNNING,DREAM BLACK,CLOTHING,SWEAT SHIRT,67%COTTON26%POLYESTER7%SPANDEX,449,PENDING_REVIEW
352135707-2,,,LUMINESCENT GREEN,CLOTHING,TRACK TOP,100%POLYESTER,899,PENDING_REVIEW
352136166-1,,OUTDOOR,CLEAR WATER BLUE,CLOTHING,T-SHIRT,100% POLYESTER,399,PENDING_REVIEW
352136167-3,,OUTDOOR,PURE WHITE,CLOTHING,T-SHIRT,100%POLYESTER,249,PENDING_REVIEW
352136177-1,,OUTDOOR,CLEAR WATER BLUE,CLOTHING,T-SHIRT,73%COTTON 27%POLYESTER,299,PENDING_REVIEW
352136177-3,,OUTDOOR,MAIZE,CLOTHING,T-SHIRT,73%COTTON 27%POLYESTER,299,PENDING_REVIEW
352136310-3,,OUTDOOR,GREY,CLOTHING,PANT,93%POLYESTER 7%SPANDEX,449,PENDING_REVIEW
352136310B-1,,OUTDOOR,CLEAR WATER BLUE,CLOTHING,PANT,100% POLYESTER,449,PENDING_REVIEW
352136510-3,,OUTDOOR,DREAM BLACK,CLOTHING,PANT,88%POLYESTER 12%SPANDEX,549,PENDING_REVIEW
352136641-1,,OUTDOOR,CLEAR WATER BLUE,CLOTHING,TRACK TOP,100%POLYESTER,699,PENDING_REVIEW
352138432-1,,JUNIOR PLAYER,PURE WHITE,CLOTHING,T-SHIRT,67%COTTON26%POLYESTER7%SPANDEX,549,PENDING_REVIEW
352138432B-2,,JUNIOR PLAYER,DREAM BLACK,CLOTHING,T-SHIRT,100% COTTON,599,PENDING_REVIEW
352138432B-3,,JUNIOR PLAYER,PURPLE,CLOTHING,T-SHIRT,100% COTTON,599,PENDING_REVIEW
352138520-1,,JUNIOR PLAYER,DREAM BLACK,CLOTHING,PANT,98%COTTON 2%SPANDEX,699,PENDING_REVIEW
352138650-1,,JUNIOR PLAYER,AMBER ORANGE,CLOTHING,TRACK TOP,100%POLYESTER,899,PENDING_REVIEW
352138656-2,,JUNIOR PLAYER,PURE WHITE,CLOTHING,TRACK TOP,100% POLYESTER,949,PENDING_REVIEW
352138723-1,,JUNIOR PLAYER,PURE WHITE,CLOTHING,HOODIES,84%COTTON9%POLYESTER7%SPANDEX,749,PENDING_REVIEW
352138723-2,,JUNIOR PLAYER,DREAM BLACK,CLOTHING,HOODIES,84%COTTON9%POLYESTER7%SPANDEX,749,PENDING_REVIEW
352138763-1,,JUNIOR PLAYER,DREAM BLACK,CLOTHING,PANT,90%COTTON10%POLYESTER,599,PENDING_REVIEW
352138764-1,,JUNIOR PLAYER,DREAM BLACK,CLOTHING,PANT,84%COTTON9%POLYESTER7%SPANDEX,599,PENDING_REVIEW
352138794S-1,,JUNIOR PLAYER,DREAM BLACK,CLOTHING,PANT,65%COTTON 35%POLYESTER,399,PENDING_REVIEW
352139502-1,,LITTLE KIDS,DREAM BLACK,CLOTHING,PANT,100% POLYESTER,599,PENDING_REVIEW
352139615-3,,LITTLE KIDS,DREAM BLACK,CLOTHING,TRACK TOP,FACE:100%POLYESTER BACK:100%POLYESTER,949,PENDING_REVIEW
352139735-1,,LITTLE KIDS,PURE WHITE,CLOTHING,SWEAT SHIRT,94%COTTON6%SPANDEX,449,PENDING_REVIEW
352139750-1,,LITTLE KIDS,DODGER BLUE,CLOTHING,SWEAT SHIRT,77%COTTON12%VISCOSE11%POLYESTER,449,PENDING_REVIEW
352139750-2,,LITTLE KIDS,PURE WHITE,CLOTHING,SWEAT SHIRT,77%COTTON12%VISCOSE11%POLYESTER,449,PENDING_REVIEW
352139754-1,,LITTLE KIDS,DODGER BLUE,CLOTHING,TRACK TOP,94%COTTON6%SPANDEX,699,PENDING_REVIEW
352141601-2,,KT,DREAM BLACK,CLOTHING,JACKET,100% POLYESTER,1049,PENDING_REVIEW
352141602-1,,KT,CASTLE,CLOTHING,JACKET,100% POLYESTER,1149,PENDING_REVIEW
352149713-1,,LITTLE KIDS,BRIGHT YELLOW,CLOTHING,SWEAT SHIRT,84%COTTON9%POLYESTER7%SPANDEX,449,PENDING_REVIEW
352149713-2,,LITTLE KIDS,PURE WHITE,CLOTHING,SWEAT SHIRT,84%COTTON9%POLYESTER7%SPANDEX,449,PENDING_REVIEW
352149713-3,,LITTLE KIDS,LAKE BLUE,CLOTHING,SWEAT SHIRT,84%COTTON9%POLYESTER7%SPANDEX,449,PENDING_REVIEW
352149746-1,,LITTLE KIDS,DREAM BLACK,CLOTHING,PANT,84%COTTON9%POLYESTER7%SPANDEX,449,PENDING_REVIEW
352249504-1,,PLAY,BLACK,CLOTHING,PANT,POLYESTER92%SPANDEX8%,699,PENDING_REVIEW
352311501-2,,BIG KIDS,GREY,CLOTHING,PANT,100%POLYESTER,799,PENDING_REVIEW
352311640-2,,BIG KIDS,GREY,CLOTHING,TRACK TOP,100%POLYESTER,1299,PENDING_REVIEW
352311701-1,,BIG KIDS,GREY,CLOTHING,HOODIES,48%POLYESTER36%COTTON12%VISCOSE4%SPANDEX,899,PENDING_REVIEW
352311701-2,,BIG KIDS,GREY,CLOTHING,HOODIES,48%POLYESTER36%COTTON12%VISCOSE4%SPANDEX,899,PENDING_REVIEW
352311701-3,,BIG KIDS,GREY,CLOTHING,HOODIES,48%POLYESTER36%COTTON12%VISCOSE4%SPANDEX,899,PENDING_REVIEW
352311703-3,,BIG KIDS,GREY,CLOTHING,SWEAT SHIRT,64%COTTON36%POLYESTER,799,PENDING_REVIEW
352311740-1,,BIG KIDS,GREY,CLOTHING,PANT,48%POLYESTER36%COTTON12%VISCOSE4%SPANDEX,799,PENDING_REVIEW
352311740-2,,BIG KIDS,GREY,CLOTHING,PANT,48%POLYESTER36%COTTON12%VISCOSE4%SPANDEX,799,PENDING_REVIEW
352351101-2,,BIG KIDS,GREY,CLOTHING,GAME SUIT,100%POLYESTER,799,PENDING_REVIEW
35711706-2,,,BC04HEATHER GREY,CLOTHING,TRACK TOP,100%COTTON,749,PENDING_REVIEW
35718704-1,,,FIELD BLUE,CLOTHING,TRACK TOP,91%COTTON9%POLYESTER,799,PENDING_REVIEW
35722142-2,,,BC04HEATHER GREY,CLOTHING,T-SHIRT,80%COTTON 20%POLYESTER,249,PENDING_REVIEW
35722142-3,,,RED,CLOTHING,T-SHIRT,80%COTTON 20%POLYESTER,249,PENDING_REVIEW
35725782-3,,,BLACK,CLOTHING,PANT,71.4%COTTON28.6%POLYESTER,299,PENDING_REVIEW
35732430-3,,,GULF BLUE,CLOTHING,T-SHIRT,100% POLYESTER,399,PENDING_REVIEW
362138143-1,,SPORTS LIFESTYLE,PURE WHITE,CLOTHING,T-SHIRT,74%COTTON 26%POLYESTER,399,PENDING_REVIEW
362138381-1,,SPORTS LIFESTYLE,PURE WHITE,CLOTHING,SKIRT,65%COTTON 35%POLYESTER,449,PENDING_REVIEW
362138383-1,,SPORTS LIFESTYLE,PURE WHITE,CLOTHING,DRESS,65%COTTON 35%POLYESTER,699,PENDING_REVIEW
362138383-3,,SPORTS LIFESTYLE,CYANINE,CLOTHING,DRESS,65%COTTON 35%POLYESTER,699,PENDING_REVIEW
362138640-1,,SPORTS LIFESTYLE,PURE WHITE,CLOTHING,TRACK TOP,100%POLYESTER,699,PENDING_REVIEW
362138701-2,,SPORTS LIFESTYLE,PINK,CLOTHING,HOODIES,84%COTTON10%POLYESTER6%SPANDEX,749,PENDING_REVIEW
362139642-1,,SWEET GIRL,WHITE,CLOTHING,TRACK TOP,100%POLYESTER,599,PENDING_REVIEW
812025591-1,112025591-1,VINTAGE,IVORY/BLACK/FLU PRPL,SHOES,RUNNING,SYNTHE PU/MESH,1099,PENDING_REVIEW
812025591-2,112025591-2,VINTAGE,ORDNANC BLU/BLK/WHT,SHOES,RUNNING,SYNTHE PU/MESH,1099,PENDING_REVIEW
812026606-5,112026606-5,FASHION OUTDOOR,GRY/INK BLU/LGHT BRN,SHOES,OUTDOOR,MESH/SYNTHE PU,1249,PENDING_REVIEW
812028085-2,112028085-2,BOSSY - POWER,BLACK/IVORY/BLUE,SHOES,LIFESTYLE,MESH/SYNTHE PU,1099,PENDING_REVIEW
812028086-3,112028086-3,BOSSY,BLACK/PURPLE/WHITE,SHOES,LIFESTYLE,MESH/SYNTHE PU/SPLIT LEATHER,1249,PENDING_REVIEW
812028883-2,112028883-2,ANTA WALKER,WHT GRY/INK BLU/WHT,SHOES,LIFESTYLE,MESH/SYNTHE PU,1099,PENDING_REVIEW
812028883-4,112028883-4,ANTA WALKER,LIME GREEN/ GRY/IVRY,SHOES,LIFESTYLE,MESH/SYNTHE PU,1099,PENDING_REVIEW
812028889-1,112028889-1,ANTA WALKER,GREY/GREY/WHITE,SHOES,LIFESTYLE,SPLIT LEATHER/SYNTHE PU/MESH,1249,PENDING_REVIEW
812028889-3,112028889-3,ANTA WALKER,LIGHT BROWN/WHT/ORNG,SHOES,LIFESTYLE,SPLIT LEATHER/SYNTHE PU/MESH,1249,PENDING_REVIEW
812031105-4,112031105-4,GO CRAZY - NO FEAR,BLACK/WHITE,SHOES,BASKETBALL,MESH/SYNTHETIC LEATHER,1099,PENDING_REVIEW
812035501-1,112035501-1,ELASTIC RUBBER,BEIGE/BLUE/SILVER,SHOES,RUNNING,MESH/PP/SYNTHETIC LEATHER,1349,PENDING_REVIEW
812035518-1,112035518-1,MARS FOAM,BEIGE/BLUE,SHOES,RUNNING,MESH/PP/SYNTHETIC LEATHER,998.9999999999999,PENDING_REVIEW
812035521-3,112035521-3,FLASHFOAM,BLACK/BLUE,SHOES,RUNNING,MESH/PP,998.9999999999999,PENDING_REVIEW
812035521-4,112035521-4,FLASHFOAM,WHITE/BLACK,SHOES,RUNNING,MESH/PP,998.9999999999999,PENDING_REVIEW
812035560-1,112035560-1,CROSS COUNTRY,BEIGE/BLACK/BLUE,SHOES,RUNNING,MESH/SYNTHETIC LEATHER/PP,1099,PENDING_REVIEW
812035565-1,112035565-1,CITY,BLACK,SHOES,RUNNING,MESH/SYNTHETIC LEATHER/PP,849,PENDING_REVIEW
812035565-4,112035565-4,CITY,BEIGE/BLUE,SHOES,RUNNING,MESH/SYNTHETIC LEATHER/PP,849,PENDING_REVIEW
812035572S-2,112035572S-2,COMFORTABLE RUNNING,BLACK/GRAY/GREEN,SHOES,RUNNING,MESH,749,PENDING_REVIEW
812035572S-3,112035572S-3,COMFORTABLE RUNNING,WHITE/BLUE,SHOES,RUNNING,MESH,749,PENDING_REVIEW
812035576-3,112035576-3,COMFORTABLE RUNNING,BEIGE/BLACK/RED,SHOES,RUNNING,MESH/SYNTHETIC LEATHER,749,PENDING_REVIEW
812035576-4,112035576-4,COMFORTABLE RUNNING,BEIGE,SHOES,RUNNING,MESH/SYNTHETIC LEATHER,749,PENDING_REVIEW
812035585-1,112035585-1,FLY A SHADOW,YELLOW/BLACK,SHOES,RUNNING,MESH/PP,1349,PENDING_REVIEW
812035589-6,112035589-6,FLY A SHADOW,BLACK/GRAY,SHOES,RUNNING,MESH/PP,1149,PENDING_REVIEW
812037710-7,112037710-7,WALKING,BLACK,SHOES,CROSS TRAINING,MESH/PP/TPU,998.9999999999999,PENDING_REVIEW
812037718-2,112037718-2,WALKING,GRAY,SHOES,CROSS TRAINING,MESH/PP,849,PENDING_REVIEW
812037718-3,112037718-3,WALKING,BLUE,SHOES,CROSS TRAINING,MESH/PP,849,PENDING_REVIEW
812037718-4,112037718-4,WALKING,BLACK,SHOES,CROSS TRAINING,MESH/PP,849,PENDING_REVIEW
812037773-4,112037773-4,AIR CUSHION,BLACK,SHOES,CROSS TRAINING,MESH/SYNTHETIC LEATHER,899,PENDING_REVIEW
812037785-2,112037785-2,STRENGTH TRAINING,GRAY/BLACK,SHOES,CROSS TRAINING,MESH/PP/TPU,1149,PENDING_REVIEW
812037785-3,112037785-3,STRENGTH TRAINING,RED/BLACK,SHOES,CROSS TRAINING,MESH/PP/TPU,1149,PENDING_REVIEW
812037789-4,112037789-4,STRENGTH TRAINING,BEIGE/BLACK/RED,SHOES,CROSS TRAINING,MESH/SYNTHETIC LEATHER/PP,1149,PENDING_REVIEW
812038081-3,112038081-3,BADAO,WHITE/ORANGE/BLUE,SHOES,LIFESTYLE,MESH/SYNTHETIC LEATHER/PP,1049,PENDING_REVIEW
812038081-5,112038081-5,BADAO,BEIGE/BLACK/RED,SHOES,LIFESTYLE,MESH/SYNTHETIC LEATHER/PP,1049,PENDING_REVIEW
812038832-1,112038832-1,OUTDOOR FASHION,BEIGE/GRAY,SHOES,LIFESTYLE,MESH/SYNTHETIC LEATHER,1099,PENDING_REVIEW
812038842-3,112038842-3,DANCE BATTLE,BLACK/BEIGE/PURPLE,SHOES,LIFESTYLE,MESH/SYNTHETIC LEATHER,749,PENDING_REVIEW
812038859-1,112038859-1,BOUNDARY EXPLORATION,BEIGE/RED,SHOES,LIFESTYLE,MESH/SYNTHETIC LEATHER,998.9999999999999,PENDING_REVIEW
812038859-3,112038859-3,BOUNDARY EXPLORATION,L.GRAY/PURPLE/BLACK,SHOES,LIFESTYLE,MESH/SYNTHETIC LEATHER,998.9999999999999,PENDING_REVIEW
812111101-6,112111101-6,KT6,WHITE/COLLEGE RD/BLU,SHOES,BASKETBALL,MD/RB/TPU/CARBON FIBER,2499,PENDING_REVIEW
812121101-3,112121101-3,KT6,WHITE/BLACK,SHOES,BASKETBALL,MOULD/RUBBER/TPU/CARBON FIBER,2299,PENDING_REVIEW
812121102-5,112121102-5,KT6 LOW,WHITE/BLACK,SHOES,BASKETBALL,MOULD/RUBBER/TPU,2049,PENDING_REVIEW
812121601-1,112121601-1,KT MOUNTAIN,WHITE/GLACIER BLUE,SHOES,BASKETBALL,MOULD/RUBBER/TPU,1349,PENDING_REVIEW
812121601-4,112121601-4,KT MOUNTAIN,GREEN,SHOES,BASKETBALL,MOULD/RUBBER/TPU,1349,PENDING_REVIEW
812121601-5,112121601-5,KT MOUNTAIN,YELLOW/RED,SHOES,BASKETBALL,MOULD/RUBBER/TPU,1349,PENDING_REVIEW
812121601-6,112121601-6,KT MOUNTAIN,WHITE/GREEN/YELLOW,SHOES,BASKETBALL,MOULD/RUBBER/TPU,1349,PENDING_REVIEW
812121605-2,112121605-2,KT LIGHT CAVALRY6,BLCK/FLRSCNT GRN/BLU,SHOES,BASKETBALL,MOULD/RUBBER/TPU,1049,PENDING_REVIEW
812121605-3,112121605-3,KT LIGHT CAVALRY6,WHT/FG GRY/RCK GRY,SHOES,BASKETBALL,MOULD/RUBBER/TPU,1049,PENDING_REVIEW
812121605-7,112121605-7,KT LIGHT CAVALRY6,WHT/BLU/LMINC GRN,SHOES,BASKETBALL,MOULD/RUBBER/TPU,1049,PENDING_REVIEW
812121610-1,112121610-1,SHOCK THE GAMEII,BLK/WHT/TEA GRN,SHOES,BASKETBALL,MOULD/RUBBER/TPU,1299,PENDING_REVIEW
812121610-2,112121610-2,SHOCK THE GAMEII,BLACK/WHITE,SHOES,BASKETBALL,MOULD/RUBBER/TPU,1299,PENDING_REVIEW
812121610-5,112121610-5,SHOCK THE GAMEII,PRPL/FLRSCNT GRN/WHT,SHOES,BASKETBALL,MOULD/RUBBER/TPU,1299,PENDING_REVIEW
812125501-1,112125501-1,A-JELLY,BLACK/FLRSCNT GRN,SHOES,RUNNING,MOULD/RUBBER/DPU/TPU,1399,PENDING_REVIEW
812125501-3,112125501-3,A-JELLY,LIGHT GRAY/BLUE,SHOES,RUNNING,MOULD/RUBBER/DPU/TPU,1399,PENDING_REVIEW
812125502-3,112125502-3,A-JELLYLITE,SAND GRAY/SILVER,SHOES,RUNNING,MOULD/RUBBER/DPU,949,PENDING_REVIEW
812125518-1,112125518-1,,IVRY WHT/BLUE/GRY,SHOES,RUNNING,MOULD/RUBBER/TPU,1149,PENDING_REVIEW
812125518-2,112125518-2,,IVORY WHITE/ORANGE,SHOES,RUNNING,MOULD/RUBBER/TPU,1149,PENDING_REVIEW
812125520-1,112125520-1,BUBBLE SHOES2,BLACK,SHOES,RUNNING,MOULD/RUBBER,949,PENDING_REVIEW
812125520-5,112125520-5,BUBBLE SHOES2,NAVY BLACK/BLK/GRN,SHOES,RUNNING,MOULD/RUBBER,949,PENDING_REVIEW
812125540-3,112125540-3,A-FLASHLITE,IVRY WHT/FLRSCNT GRN,SHOES,RUNNING,MOULD/RUBBER,1049,PENDING_REVIEW
812125540-4,112125540-4,A-FLASHLITE,CHIP GRAY,SHOES,RUNNING,MOULD/RUBBER,1049,PENDING_REVIEW
812125540-5,112125540-5,A-FLASHLITE,BLACK/MID-BLUE,SHOES,RUNNING,MOULD/RUBBER,1049,PENDING_REVIEW
812125570-2,112125570-2,COMFORT RUNNING,BLACK/GRAYISH BLUE,SHOES,RUNNING,MOULD,799,PENDING_REVIEW
812125570-3,112125570-3,COMFORT RUNNING,FOG GRAY/BLACK,SHOES,RUNNING,MOULD,799,PENDING_REVIEW
812125570-5,112125570-5,COMFORT RUNNING,IVORY WHITE,SHOES,RUNNING,MOULD,799,PENDING_REVIEW
812125572-2,112125572-2,COMFORT RUNNING,CHIP GRAY/BLACK,SHOES,RUNNING,MOULD,799,PENDING_REVIEW
812125572-3,112125572-3,COMFORT RUNNING,IVRY WHT/WTRFLL BLU,SHOES,RUNNING,MOULD,799,PENDING_REVIEW
812125575-2,112125575-2,COMFORT RUNNING,WHITE/SILVER,SHOES,RUNNING,MOULD,649,PENDING_REVIEW
812125580-1,112125580-1,A-FLASHFOAM,BLACK,SHOES,RUNNING,MOULD/RUBBER/TPU,1049,PENDING_REVIEW
812125580-3,112125580-3,A-FLASHFOAM,MUDDY BLUE/BLACK,SHOES,RUNNING,MOULD/RUBBER/TPU,1049,PENDING_REVIEW
812125585-2,112125585-2,ANTELOPE,BLK/FLUORESCENT GRN,SHOES,RUNNING,MOULD/RUBBER,1199,PENDING_REVIEW
812125585-3,112125585-3,ANTELOPE,FLUORESCENT GRN/BLK,SHOES,RUNNING,MOULD/RUBBER,1199,PENDING_REVIEW
812125585-6,112125585-6,ANTELOPE,IVORY WHITE/BLUE,SHOES,RUNNING,MOULD/RUBBER,1199,PENDING_REVIEW
812125586-1,112125586-1,C202 MACH1,BLK/FLURSCNT GRN/ORG,SHOES,RUNNING,MOULD/RUBBER/TPU,1399,PENDING_REVIEW
812125586-2,112125586-2,C202 MACH1,IVRY WHT/BLK/ORNG,SHOES,RUNNING,MOULD/RUBBER/TPU,1399,PENDING_REVIEW
812125598-2,112125598-2,AIR CUSHION,IVRY WHT/LGHTGRY/BLU,SHOES,RUNNING,RUBBER/MOULD/TPU,1549,PENDING_REVIEW
812127703-4,112127703-4,SUPERFLEXI,WHITE/BLACK,SHOES,CROSS TRAINING,MOULD,949,PENDING_REVIEW
812127703-5,112127703-5,SUPERFLEXI,BLACK,SHOES,CROSS TRAINING,MOULD,949,PENDING_REVIEW
812127720-2,112127720-2,SPACE CAPSULE,GRAY/PAINT YELLOW,SHOES,CROSS TRAINING,MOULD,1049,PENDING_REVIEW
812127720-4,112127720-4,SPACE CAPSULE,LGHT FG GRY/GRY BLU,SHOES,CROSS TRAINING,MOULD,1049,PENDING_REVIEW
812128064-1,112128064-1,BASIC,IVORY WHITE,SHOES,LIFESTYLE,MOULD,649,PENDING_REVIEW
812128065-1,112128065-1,BADAO,WHITE/BLACK,SHOES,LIFESTYLE,MOULD/RUBBER,849,PENDING_REVIEW
812128065-2,112128065-2,BADAO,IVRY WHT/GRY/BLU GRN,SHOES,LIFESTYLE,MOULD/RUBBER,849,PENDING_REVIEW
812128081-5,112128081-5,RISING WAVES,BLACK/IVORY WHITE,SHOES,LIFESTYLE,MOULD/RUBBER,949,PENDING_REVIEW
812128084-2,112128084-2,BADAO,IVR WHT/MIRG BLU,SHOES,LIFESTYLE,MOULD/RUBBER,1299,PENDING_REVIEW
812128089-1,112128089-1,G6,IVRY WHT/BLK/BLU,SHOES,LIFESTYLE,RUBBER/MOULD/TPU,1199,PENDING_REVIEW
812128089-4,112128089-4,G6,WHT/GRY/CRBN GRY,SHOES,LIFESTYLE,MOULD/RUBBER/TPU,1199,PENDING_REVIEW
812128800-3,112128800-3,RUBIK'S CUBE,IVR WHT/BLU/CRM YLLW,SHOES,LIFESTYLE,MOULD/RUBBER/TPU,949,PENDING_REVIEW
812128891-2,112128891-2,MILLENNIUM,SAND GRAY/BLUE/GRAY,SHOES,LIFESTYLE,MOULD/RUBBER,1199,PENDING_REVIEW
812128891-3,112128891-3,MILLENNIUM,IVRY WHT/ICE BLU/BLK,SHOES,LIFESTYLE,MOULD/RUBBER,1199,PENDING_REVIEW
812131101-3,112131101-3,KT6,WHITE/BLACK/RED,SHOES,BASKETBALL,MESH/PP/SYNTHETIC LEATHER,2349,PENDING_REVIEW
812131101-5,112131101-5,KT6,YELLOW/GREEN,SHOES,BASKETBALL,MESH/PP/SYNTHETIC LEATHER,2349,PENDING_REVIEW
812131103-1,112131103-1,GH2,WHITE/BLUE/RED,SHOES,BASKETBALL,MESH/SYNTHETIC LEATHER,1799,PENDING_REVIEW
812131103-3,112131103-3,GH2,RED/BLACK,SHOES,BASKETBALL,MESH/SYNTHETIC LEATHER,1799,PENDING_REVIEW
812131103-4,112131103-4,GH2,WHITE/ORANGE/BLUE,SHOES,BASKETBALL,MESH/SYNTHETIC LEATHER,1799,PENDING_REVIEW
812131103-5,112131103-5,GH2,WHITE/BLACK/RED,SHOES,BASKETBALL,MESH/SYNTHETIC LEATHER,1799,PENDING_REVIEW
812131601-1,112131601-1,,WHITE/GREEN/BLACK,SHOES,BASKETBALL,MESH/SYNTHE PU/PP/TPU,1549,PENDING_REVIEW
812131601-3,112131601-3,,BLUE/PINK/GREEN,SHOES,BASKETBALL,MESH/SYNTHE PU/PP/TPU,1549,PENDING_REVIEW
812131601-6,112131601-6,,GRAY/BEIGE/SAND GRAY,SHOES,BASKETBALL,MESH/SYNTHE PU/PP/TPU,1549,PENDING_REVIEW
812131606-1,112131606-1,,BLACK,SHOES,BASKETBALL,MESH,1299,PENDING_REVIEW
812131606-2,112131606-2,,GREEN,SHOES,BASKETBALL,MESH,1299,PENDING_REVIEW
812131606-3,112131606-3,,FM GRN/MUDDY BLU,SHOES,BASKETBALL,MESH,1299,PENDING_REVIEW
812131606-6,112131606-6,,WHITE/CARBON GRAY,SHOES,BASKETBALL,MESH,1299,PENDING_REVIEW
812131608-1,112131608-1,,BLACK/GREEN,SHOES,BASKETBALL,MESH/SYNTHETIC LEATHER,1249,PENDING_REVIEW
812131608-2,112131608-2,,WHITE/GREEN,SHOES,BASKETBALL,MESH/SYNTHETIC LEATHER,1249,PENDING_REVIEW
812131608-3,112131608-3,,BLACK/WHITE,SHOES,BASKETBALL,MESH/SYNTHETIC LEATHER,1249,PENDING_REVIEW
812131608-4,112131608-4,,ORANGE/WHITE/PURPLE,SHOES,BASKETBALL,MESH/SYNTHETIC LEATHER,1249,PENDING_REVIEW
812131608-5,112131608-5,,SAND GRAY/WHITE/GRAY,SHOES,BASKETBALL,MESH/SYNTHETIC LEATHER,1249,PENDING_REVIEW
812131609-1,112131609-1,,GREEN,SHOES,BASKETBALL,MESH/SYNTHETIC LEATHER,1049,PENDING_REVIEW
812131609-3,112131609-3,,PINK/L.PINK,SHOES,BASKETBALL,MESH/SYNTHETIC LEATHER,1049,PENDING_REVIEW
812131609-5,112131609-5,,BLACK,SHOES,BASKETBALL,MESH/SYNTHETIC LEATHER,1049,PENDING_REVIEW
812131609-6,112131609-6,,BEIGE/GRAY,SHOES,BASKETBALL,MESH/SYNTHETIC LEATHER,1049,PENDING_REVIEW
812131801-1,112131801-1,STG SLIPPERS,WHITE/GREEN,SHOES,BASKETBALL,MOLDING EVA/TPU,498.99999999999994,PENDING_REVIEW
812131801-2,112131801-2,STG SLIPPERS,WHITE/BLACK,SHOES,BASKETBALL,MOLDING EVA/TPU,498.99999999999994,PENDING_REVIEW
812131801-3,112131801-3,STG SLIPPERS,WHITE/BLACK,SHOES,BASKETBALL,MOLDING EVA/TPU,498.99999999999994,PENDING_REVIEW
812135501-1,112135501-1,A-JELLY,BLACK/GRAY,SHOES,RUNNING,MESH/SYNTHETIC LEATHER/PP,1449,PENDING_REVIEW
812135501-3,112135501-3,A-JELLY,BEIGE/BLUE,SHOES,RUNNING,MESH/SYNTHETIC LEATHER/PP,1449,PENDING_REVIEW
812135504-3,112135504-3,A-JELLY,BLACK,SHOES,RUNNING,MESH/PP,1299,PENDING_REVIEW
812135504-4,112135504-4,A-JELLY,BEIGE/GRAY,SHOES,RUNNING,MESH/PP,1299,PENDING_REVIEW
812135510-1,112135510-1,A-SILO,BLACK,SHOES,RUNNING,MESH/PP/SYNTHETIC LEATHER,899,PENDING_REVIEW
812135510-2,112135510-2,A-SILO,BEIGE/GRAY/BLACK,SHOES,RUNNING,MESH/PP/SYNTHETIC LEATHER,899,PENDING_REVIEW
812135510-3,112135510-3,A-SILO,GRAY/BLACK/L.BROWN,SHOES,RUNNING,MESH/PP/SYNTHETIC LEATHER,899,PENDING_REVIEW
812135515-2,112135515-2,A-SHOCK,BLACK,SHOES,RUNNING,MESH,949,PENDING_REVIEW
812135515-3,112135515-3,A-SHOCK,GREEN/BEIGE,SHOES,RUNNING,MESH,949,PENDING_REVIEW
812135516-4,112135516-4,A-CORE,BEIGE/SILVER,SHOES,RUNNING,MESH/PP,1049,PENDING_REVIEW
812135555-1,112135555-1,SUPERFLEXI,BLACK,SHOES,RUNNING,MESH/PP/SYNTHETIC LEATHER,949,PENDING_REVIEW
812135555-2,112135555-2,SUPERFLEXI,L.BLUE/BLUE/BLACK,SHOES,RUNNING,MESH/PP/SYNTHETIC LEATHER,949,PENDING_REVIEW
812135555-4,112135555-4,SUPERFLEXI,BEIGE/GREEN,SHOES,RUNNING,MESH/PP/SYNTHETIC LEATHER,949,PENDING_REVIEW
812135555-5,112135555-5,SUPERFLEXI,BLACK/SILVER,SHOES,RUNNING,MESH/PP/SYNTHETIC LEATHER,949,PENDING_REVIEW
812135555-9,112135555-9,SUPERFLEXI,BLACK,SHOES,RUNNING,SYNTHETIC LEATHER/MESH,949,PENDING_REVIEW
812135562-1,112135562-1,A-FLASH FOAM,BLACK/L.GREEN/BEIGE,SHOES,RUNNING,MESH/SYNTHETIC LEATHER/TPU/PP,1449,PENDING_REVIEW
812135562-2,112135562-2,A-FLASH FOAM,BLACK/BLUE/BEIGE,SHOES,RUNNING,MESH/SYNTHETIC LEATHER/TPU/PP,1449,PENDING_REVIEW
812135562-3,112135562-3,A-FLASH FOAM,BEIGE/BLACK/BLUE,SHOES,RUNNING,MESH/SYNTHETIC LEATHER/TPU/PP,1449,PENDING_REVIEW
812135565-1,112135565-1,CITY,BLACK/L.GREEN,SHOES,RUNNING,MESH/SYNTHETIC LEATHER/PP,949,PENDING_REVIEW
812135565-5,112135565-5,CITY,L.BLUE/BLUE/BLACK,SHOES,RUNNING,MESH/PP/SYNTHETIC LEATHER,949,PENDING_REVIEW
812135568-1,112135568-1,COMFORT RUNNING,BLACK/L.GREEN,SHOES,RUNNING,MESH/SYNTHETIC LEATHER,799,PENDING_REVIEW
812135568-2,112135568-2,COMFORT RUNNING,BEIGE,SHOES,RUNNING,MESH/SYNTHETIC LEATHER,799,PENDING_REVIEW
812135571-1,112135571-1,COMFORT RUNNING,BLACK,SHOES,RUNNING,MESH/SYNTHETIC LEATHER/PP,799,PENDING_REVIEW
812135571-4,112135571-4,COMFORT RUNNING,BEIGE/BLUE,SHOES,RUNNING,MESH/SYNTHETIC LEATHER/PP,799,PENDING_REVIEW
812135585-3,112135585-3,MARS FOAM,BLACK/D.BLUE/L.GRAY,SHOES,RUNNING,MESH/PP,1049,PENDING_REVIEW
812135585-5,112135585-5,MARS FOAM,BEIGE/GRN/SILK GRN,SHOES,RUNNING,MESH/PP,1049,PENDING_REVIEW
812135585-6,112135585-6,MARS FOAM,BLACK/SILK GREEN,SHOES,RUNNING,MESH/PP,1049,PENDING_REVIEW
812135586-2,112135586-2,FLASHEDGE,BLACK,SHOES,RUNNING,MESH/PP,1249,PENDING_REVIEW
812135586-3,112135586-3,FLASHEDGE,BEIGE/SILK GRN/YLW,SHOES,RUNNING,MESH/PP,1249,PENDING_REVIEW
812135586-5,112135586-5,FLASHEDGE,L.GREEN/BLACK,SHOES,RUNNING,MESH/PP,1249,PENDING_REVIEW
812135586-7,112135586-7,FLASHEDGE,L.GRAY/D.BLUE,SHOES,RUNNING,MESH/PP,1249,PENDING_REVIEW
812135590-2,112135590-2,RETRO RUNNING,BEIGE/BLACK/GRAY,SHOES,RUNNING,MESH/PP/SYNTHETIC LEATHER,1049,PENDING_REVIEW
812135590-3,112135590-3,RETRO RUNNING,GRAY,SHOES,RUNNING,MESH/PP/SYNTHETIC LEATHER,1049,PENDING_REVIEW
812137723-2,112137723-2,RESILIENT WALKING,BLACK/BLUE,SHOES,CROSS-TRAINING,MESH/PP/SYNTHETIC LEATHER,1249,PENDING_REVIEW
812137723-3,112137723-3,RESILIENT WALKING,BEIGE/BLACK,SHOES,CROSS-TRAINING,MESH/PP/SYNTHETIC LEATHER,1249,PENDING_REVIEW
812137725-1,112137725-1,SOFT WALKING,BLACK,SHOES,CROSS-TRAINING,MESH/TPU,799,PENDING_REVIEW
812137725-2,112137725-2,SOFT WALKING,BEIGE,SHOES,CROSS-TRAINING,MESH/TPU,799,PENDING_REVIEW
812137725-4,112137725-4,SOFT WALKING,D.GRAY/BLACK,SHOES,CROSS-TRAINING,MESH/TPU,799,PENDING_REVIEW
812137786-3,112137786-3,STRENGTH TRAINING,BLACK/RED,SHOES,CROSS-TRAINING,MESH/SYNTHETIC LEATHER/PP,1049,PENDING_REVIEW
812137786-5,112137786-5,STRENGTH TRAINING,BLACK/YELLOW,SHOES,CROSS-TRAINING,MESH/SYNTHETIC LEATHER/PP,1049,PENDING_REVIEW
812137786-9,112137786-9,STRENGTH TRAINING,BLACK/BEIGE,SHOES,CROSS-TRAINING,SYNTHETIC LEATHER/MESH/PP,1049,PENDING_REVIEW
812138062-1,112138062-1,BASIC,BEIGE,SHOES,LIFESTYLE,SYNTHETIC LEATHER/MESH,799,PENDING_REVIEW
812138062-2,112138062-2,BASIC,GRAY,SHOES,LIFESTYLE,SYNTHETIC LEATHER/MESH,799,PENDING_REVIEW
812138062-3,112138062-3,BASIC,BLACK,SHOES,LIFESTYLE,SYNTHETIC LEATHER/MESH,799,PENDING_REVIEW
812138062-5,112138062-5,BASIC,BEIGE/BLACK,SHOES,LIFESTYLE,SYNTHETIC LEATHER/MESH,799,PENDING_REVIEW
812138063-2,112138063-2,BASIC,BLACK,SHOES,LIFESTYLE,SYNTHETIC LEATHER/MESH,699,PENDING_REVIEW
812138063-3,112138063-3,BASIC,BEIGE/BLUE,SHOES,LIFESTYLE,SYNTHETIC LEATHER/MESH,699,PENDING_REVIEW
812138063-4,112138063-4,BASIC,BEIGE/BLACK,SHOES,LIFESTYLE,SYNTHETIC LEATHER/MESH,699,PENDING_REVIEW
812138064-3,112138064-3,BASIC,BLACK,SHOES,LIFESTYLE,SYNTHETIC LEATHER/MESH,649,PENDING_REVIEW
812138066-1,112138066-1,THICK SOLE,BEIGE,SHOES,LIFESTYLE,SYNTHETIC LEATHER/MESH,799,PENDING_REVIEW
812138066-3,112138066-3,THICK SOLE,BEIGE/BLACK,SHOES,LIFESTYLE,SYNTHETIC LEATHER/MESH,799,PENDING_REVIEW
812138071-1,112138071-1,,BEIGE/BLACK,SHOES,LIFESTYLE,SYNTHETIC LEATHER/MESH,899,PENDING_REVIEW
812138071-2,112138071-2,,L.BROWN/BROWN/BLACK,SHOES,LIFESTYLE,SYNTHETIC LEATHER/MESH,899,PENDING_REVIEW
812138071-3,112138071-3,,BLK/MUDDY BLU/BEIGE,SHOES,LIFESTYLE,SYNTHETIC LEATHER/MESH,899,PENDING_REVIEW
812138081-1,112138081-1,BADAO3.0,BEIGE/BLACK/RED,SHOES,LIFESTYLE,MESH/PP/SYNTHETIC LEATHER,1299,PENDING_REVIEW
812138081-2,112138081-2,BADAO3.0,BEIGE/BLACK/RED,SHOES,LIFESTYLE,MESH/PP/SYNTHETIC LEATHER,1299,PENDING_REVIEW
812138081-4,112138081-4,BADAO3.0,GRAY/L.GRAY,SHOES,LIFESTYLE,MESH/PP/SYNTHETIC LEATHER,1299,PENDING_REVIEW
812138081-5,112138081-5,BADAO3.0,BLACK/BEIGE,SHOES,LIFESTYLE,MESH/PP/SYNTHETIC LEATHER,1299,PENDING_REVIEW
812138081-6,112138081-6,BADAO3.0,BEIGE/INK BLUE/BLUE,SHOES,LIFESTYLE,MESH/PP/SYNTHETIC LEATHER,1299,PENDING_REVIEW
812138081-7,112138081-7,BADAO3.0,D.BLUE/RED/L.BROWN,SHOES,LIFESTYLE,MESH/SYNTHEPU/COWTOPLAYER,1299,PENDING_REVIEW
812138084-1,112138084-1,LITTLE G6,BEIGE/GRAY,SHOES,LIFESTYLE,MESH/SYNTHETIC LEATHER/PP,1049,PENDING_REVIEW
812138084-2,112138084-2,LITTLE G6,BEIGE/BLACK,SHOES,LIFESTYLE,MESH/SYNTHETIC LEATHER/PP,1049,PENDING_REVIEW
812138084-3,112138084-3,LITTLE G6,BLACK/BLUE,SHOES,LIFESTYLE,MESH/SYNTHETIC LEATHER/PP,1049,PENDING_REVIEW
812138084-4,112138084-4,LITTLE G6,GRY/STONE BRWN/BEIGE,SHOES,LIFESTYLE,MESH/SYNTHETIC LEATHER/PP,1049,PENDING_REVIEW
812138084-5,112138084-5,LITTLE G6,BEIGE/GRAY/BLUE,SHOES,LIFESTYLE,MESH/SYNTHETIC LEATHER/PP,1049,PENDING_REVIEW
812138800-1,112138800-1,RUBIK'S CUBE,BEIGE/BLACK/GRAY,SHOES,LIFESTYLE,MESH/SYNTHETIC LEATHER/PP,1049,PENDING_REVIEW
812138800-3,112138800-3,RUBIK'S CUBE,BEIGE/BLACK,SHOES,LIFESTYLE,MESH/SYNTHETIC LEATHER/PP,1049,PENDING_REVIEW
812138800-5,112138800-5,RUBIK'S CUBE,D.BLUE/BEIGE/ORANGE,SHOES,LIFESTYLE,MESH/SYNTHETIC LEATHER/PP,1049,PENDING_REVIEW
812138800-6,112138800-6,RUBIK'S CUBE,BLACK,SHOES,LIFESTYLE,MESH/SYNTHETIC LEATHER/PP,1049,PENDING_REVIEW
812138811-1,112138811-1,MIX3.0,BEIGE/GRAY/BLACK,SHOES,LIFESTYLE,MESH/SYNTHETIC LEATHER/TPU,1299,PENDING_REVIEW
812138811-2,112138811-2,MIX3.0,BEIGE/BLACK/GREEN,SHOES,LIFESTYLE,MESH/SYNTHETIC LEATHER/TPU,1299,PENDING_REVIEW
812138812-1,112138812-1,MIX3.0,BEIGE/GRAY,SHOES,LIFESTYLE,MESH/SYNTHE PU/PP/COW SUEDE,1049,PENDING_REVIEW
812138812-2,112138812-2,MIX3.0,BLACK/BEIGE,SHOES,LIFESTYLE,MESH/SYNTHE PU/PP/COW SUEDE,1049,PENDING_REVIEW
812138812-3,112138812-3,MIX3.0,BLK/STEEL GRAY/YLW,SHOES,LIFESTYLE,MESH/SYNTHE PU/PP/COW SUEDE,1049,PENDING_REVIEW
812138812-4,112138812-4,MIX3.0,GRAY/L.GRAY,SHOES,LIFESTYLE,MESH/SYNTHE PU/PP/COW SUEDE,1049,PENDING_REVIEW
812138812-5,112138812-5,MIX3.0,BEIGE/GRAY/BLACK,SHOES,LIFESTYLE,MESH/SYNTHE PU/PP/COW SUEDE,1049,PENDING_REVIEW
812138840-3,112138840-3,FASHION,GRAY/L.GRAY,SHOES,LIFESTYLE,MESH/SYNTHETIC LEATHER/PP,949,PENDING_REVIEW
812138840-4,112138840-4,FASHION,BLACK,SHOES,LIFESTYLE,MESH/SYNTHETIC LEATHER/PP,949,PENDING_REVIEW
812138840-7,112138840-7,FASHION,BLACK,SHOES,LIFESTYLE,SYNTHETIC LEATHER/MESH,949,PENDING_REVIEW
812138841-2,112138841-2,FASHION,GRAY,SHOES,LIFESTYLE,MESH/SYNTHETIC LEATHER/TPU/PP,1149,PENDING_REVIEW
812138841-3,112138841-3,FASHION,GRAY,SHOES,LIFESTYLE,MESH/SYNTHETIC LEATHER/TPU/PP,1149,PENDING_REVIEW
812138841-4,112138841-4,FASHION,BLACK,SHOES,LIFESTYLE,MESH/SYNTHETIC LEATHER/TPU/PP,1149,PENDING_REVIEW
812138850-1,112138850-1,91CLASSIC,CHARCOAL GRAY/BLACK,SHOES,LIFESTYLE,MESH/SYNTHE PU/COW SUEDE,949,PENDING_REVIEW
812138850-3,112138850-3,91CLASSIC,BEIGE/BROWN,SHOES,LIFESTYLE,MESH/SYNTHETIC LEATHER,949,PENDING_REVIEW
812138860-1,112138860-1,LTTLE FASHION WRSHIP,BEIGE/GRAY,SHOES,LIFESTYLE,MESH/SYNTHETIC LEATHER/TPU/PP,799,PENDING_REVIEW
812138860-2,112138860-2,LTTLE FASHION WRSHIP,BEIGE/L.SLVR GRY/BLU,SHOES,LIFESTYLE,MESH/SYNTHETIC LEATHER/TPU/PP,799,PENDING_REVIEW
812141101-1,112141101-1,KT7,BLACK/WHITE/SANDSTORM GREY,SHOES,BASKETBALL,MESH/PP FILM/SYNTHE PU,3649,PENDING_REVIEW
812141101-3,112141101-3,KT7,BLACK,SHOES,BASKETBALL,MESH/PP FILM/SYNTHE PU,3649,PENDING_REVIEW
812141101-4,112141101-4,KT7,BLACK,SHOES,BASKETBALL,MESH/PP FILM/SYNTHE PU,3649,PENDING_REVIEW
812141101-5,112141101-5,KT7,BLACK,SHOES,BASKETBALL,MESH/PP FILM/SYNTHE PU,3649,PENDING_REVIEW
812141101-7,112141101-7,KT7,BLACK,SHOES,BASKETBALL,MESH/PP FILM/SYNTHE PU,3649,PENDING_REVIEW
812141101-8,112141101-8,KT7,BLACK,SHOES,BASKETBALL,MESH/PP FILM/SYNTHE PU,3649,PENDING_REVIEW
812141101-9,112141101-9,KT7,SLIVER/BLACK/GRAY,SHOES,BASKETBALL,MESH/SYNTHETIC LEATHER/PP/TPU,3649,PENDING_REVIEW
812141105-1,112141105-1,GH2,BLACK,SHOES,BASKETBALL,SYNTHE PU/MESH,1849,PENDING_REVIEW
812141105-2,112141105-2,GH2,IVORY WHITE/PURPLE,SHOES,BASKETBALL,MESH/SYNTHE PU,1849,PENDING_REVIEW
812141105-3,112141105-3,GH2,SEDIMENT GRAY/MAGIC CARPET GRAY,SHOES,BASKETBALL,SYNTHE PU/MESH,1849,PENDING_REVIEW
812141105-4,112141105-4,GH2,GRAY,SHOES,BASKETBALL,MESH/SYNTHE PU,1849,PENDING_REVIEW
812141605-11,112141605-11,,BLACK/SANDSTORM GRAY,SHOES,BASKETBALL,MESH/SYNTHE PU,1349,PENDING_REVIEW
812141605-6,112141605-6,,BLACK/IVORY WHITE,SHOES,BASKETBALL,MESH/SYNTHE PU,1349,PENDING_REVIEW
812141609-4,112141609-4,MOUNTAIN,SEDIMENT GRAY/BLACK,SHOES,BASKETBALL,MESH,1399,PENDING_REVIEW
812141614-5,112141614-5,BADAO,BLACK/BLUE INK/LIGHT FOG GREY,SHOES,BASKETBALL,MESH/SYNTHE PU/PP FILM,1598.9999999999998,PENDING_REVIEW
812141614-6,112141614-6,BADAO,BLACK/BLUE SILK GREEN,SHOES,BASKETBALL,MESH/SYNTHE PU/PP FILM,1598.9999999999998,PENDING_REVIEW
812148066-1,112148066-1,THICK SOLE,WHITE/BLACK,SHOES,LIFESTYLE,SYNTHE PU/MESH,799,PENDING_REVIEW
812148066-3,112148066-3,THICK SOLE,WHITE/BLACK/RED,SHOES,LIFESTYLE,SYNTHE PU/MESH,799,PENDING_REVIEW
812148073-1,112148073-1,ICEBREAKER,FOAM GREEN/MUDDY BLUE,SHOES,LIFESTYLE,TOP LAYER LEATHER/SYNTHE PU,1349,PENDING_REVIEW
812148073-2,112148073-2,ICEBREAKER,YELLOW ORANGE/WHITE/PINK PURPLE,SHOES,LIFESTYLE,TOP LAYER LEATHER/SYNTHE PU,1349,PENDING_REVIEW
812148073-4,112148073-4,ICEBREAKER,BLACK/WHITE,SHOES,LIFESTYLE,TOP LAYER LEATHER/SYNTHE PU,1349,PENDING_REVIEW
812148080-1,112148080-1,,BLACK/SANDSTORM GRAY,SHOES,LIFESTYLE,MESH/SYNTHE PU/PP FILM,1449,PENDING_REVIEW
812148080-3,112148080-3,WEIFENG2.0,BLACK,SHOES,LIFESTYLE,MESH/SYNTHE PU/PP FILM,1449,PENDING_REVIEW
812148080-7,112148080-7,WEIFENG2.0,IVORY WHITE/SANDSTORM GREY/BLACK,SHOES,LIFESTYLE,MESH/SYNTHE PU/PP FILM,1449,PENDING_REVIEW
812148088-2,112148088-2,ROARING FLAME2.0,BLACK,SHOES,LIFESTYLE,SYNTHE PU/MESH/TPU,1049,PENDING_REVIEW
812148088-4,112148088-4,ROARING FLAME2.0,BLACK,SHOES,LIFESTYLE,SYNTHE PU/MESH/TPU,1049,PENDING_REVIEW
812148808-3,112148808-3,RUBIK'S CUBE5.0,LIGHT STEEL BLUE/BLUE/BLACK,SHOES,LIFESTYLE,MESH/SYNTHE PU/PP FILM/SUEDE SPLIT,1049,PENDING_REVIEW
812148850-3,112148850-3,AT91,IVORY WHITE/BLUE/BLACK,SHOES,LIFESTYLE,MESH/SYNTHE PU/TPU,1249,PENDING_REVIEW
812148850-4,112148850-4,AT91,BLACK,SHOES,LIFESTYLE,MESH/SYNTHE PU/TPU,1249,PENDING_REVIEW
812148850-5,112148850-5,AT91,BLACK,SHOES,LIFESTYLE,MESH/SYNTHE PU/TPU,1249,PENDING_REVIEW
812148851-1,112148851-1,AT91,BLACK,SHOES,LIFESTYLE,MESH/PP FILM/SYNTHE PU,1849,PENDING_REVIEW
812148851-2,112148851-2,AT91,IVORY WHITE/BLUE,SHOES,LIFESTYLE,MESH/PP FILM/SYNTHE PU,1849,PENDING_REVIEW
812148851-3,112148851-3,AT91,BLACK,SHOES,LIFESTYLE,MESH/PP FILM/SYNTHE PU,1849,PENDING_REVIEW
812211101-2,112211101-2,KT7,BLACK,SHOES,BASKETBALL,SYNTHEPU/MESH/PP/TPU,2649,PENDING_REVIEW
812211101-3,112211101-3,KT7,BLK/LTS VLTTRQUS BLU,SHOES,BASKETBALL,MESH/PP/SYNTHE PU/TPU,2649,PENDING_REVIEW
812211101-5,112211101-5,KT7,ORNG/WHT/AQUA GRN,SHOES,BASKETBALL,MESH/PP/SYNTHE PU/TPU,2649,PENDING_REVIEW
812211101-6,112211101-6,KT7,GRY/IVRYWHT/SPD ORNG,SHOES,BASKETBALL,MESH/PP/SYNTHE PU/TPU,2649,PENDING_REVIEW
812211103-6,112211103-6,GH3,RANBW BLU/MUM ORNG,SHOES,BASKETBALL,MESH/PP/TPU,2149,PENDING_REVIEW
812211601-1,112211601-1,ALIEN3,WHITE/BLACK,SHOES,BASKETBALL,MESH/PP/SYNTHETIC LEATHER,1749,PENDING_REVIEW
812211601-2,112211601-2,ALIEN3,WHITE/LIGHT PURPLE,SHOES,BASKETBALL,MESH/PP/SYNTHETIC LEATHER,1749,PENDING_REVIEW
812211601-3,112211601-3,ALIEN3,WHT/PWDR BLU,SHOES,BASKETBALL,MESH/PP/SYNTHETIC LEATHER,1749,PENDING_REVIEW
812211601-4,112211601-4,ALIEN3,WHITE/BLACK/FOG GREY,SHOES,BASKETBALL,MESH/PP/SYNTHETIC LEATHER,1749,PENDING_REVIEW
812218050-1,112218050-1,STREET FASHION,GRY/GRY/ WHT,SHOES,LIFESTYLE,COWTOPLAYER/SYNTHEPU/MESH,1349,PENDING_REVIEW
812218050-2,112218050-2,STREET FASHION,BLK/GRY/CRBN GRY,SHOES,LIFESTYLE,COW SUEDE/COWTOPLAYER/SYNTHEPU,1349,PENDING_REVIEW
812218050-3,112218050-3,STREET FASHION,CNCRTE GRY/ WHT/BLK,SHOES,LIFESTYLE,SYNTHEPU/COWTOPLAYER/MESH,1349,PENDING_REVIEW
812218050-5,112218050-5,STREET FASHION,BLK/ WHT/CFFEE/YLLW,SHOES,LIFESTYLE,MESH/COW SUEDE/SYNTHE PU,1598.9999999999998,PENDING_REVIEW
812218052-1,112218052-1,STREET FASHION,GRY/ WHT/BEIGE YLLW,SHOES,LIFESTYLE,COW SUEDE/COWTOPLAYER/SYNTHEPU,1449,PENDING_REVIEW
812218052-2,112218052-2,STREET FASHION,BLK/ WHT/STEEL GRY,SHOES,LIFESTYLE,COW SUEDE/COWTOPLAYER/SYNTHEPU,1449,PENDING_REVIEW
812218052-3,112218052-3,STREET FASHION,BRIGHT BLU/ WHT/GRY,SHOES,LIFESTYLE,COW SUEDE/COWTOPLAYER/SYNTHEPU,1449,PENDING_REVIEW
812218072-2,112218072-2,AT91,BLK/SILVER/ WHT,SHOES,LIFESTYLE,MESH/PP/TPU,1149,PENDING_REVIEW
812218072-4,112218072-4,AT91,SDMNT GRY/BLK/YLLW,SHOES,LIFESTYLE,MESH/PP/TPU,1149,PENDING_REVIEW
812218082-2,112218082-2,G6 2.0,WHT/INDSTRY BLU/BLK,SHOES,LIFESTYLE,MESH/SYNTHETIC LEATHER/TPU,1349,PENDING_REVIEW
812218082-3,112218082-3,G6 2.0,WHT/CHIP GRY/BLK,SHOES,LIFESTYLE,MESH/SYNTHETIC LEATHER/TPU,1349,PENDING_REVIEW
812218082-4,112218082-4,G6 2.0,BLK/GRY/BCKDRP BLU,SHOES,LIFESTYLE,MESH/SYNTHETIC LEATHER/TPU,1349,PENDING_REVIEW
812218083-2,112218083-2,LITTLE G6 2.0,WHT/BLK/CARBON GRY,SHOES,LIFESTYLE,MESH/SYNTHE PU/TPU/PP,1149,PENDING_REVIEW
812218083-3,112218083-3,LITTLE G6 2.0,WHT/SDIMENT GRY/BLU,SHOES,LIFESTYLE,MESH/SYNTHE PU/TPU/PP,1249,PENDING_REVIEW
812218083-4,112218083-4,LITTLE G6 2.0,BLK/ WHT/SDIMNT GRY,SHOES,LIFESTYLE,MESH/SYNTHETIC LEATHER/TPU,1149,PENDING_REVIEW
812218084-1,112218084-1,BADAO 3.0,WHT/INK BLU/GRN,SHOES,LIFESTYLE,MESH/SYNTHE PU/PP/TPU,1598.9999999999998,PENDING_REVIEW
812218812-1,112218812-1,MIX 4.0,IVORY WHITE/GREY,SHOES,LIFESTYLE,MESH/SYNTHETIC LEATHER/TPU,1149,PENDING_REVIEW
812218812-2,112218812-2,MIX 4.0,BLACK/CARBON GREY,SHOES,LIFESTYLE,MESH/SYNTHETIC LEATHER/TPU,1149,PENDING_REVIEW
812218812-3,112218812-3,MIX 4.0,BLACK/IVORY WHITE,SHOES,LIFESTYLE,MESH/SYNTHETIC LEATHER/TPU,1149,PENDING_REVIEW
812218812-5,112218812-5,MIX 4.0,WHT/GRY/MNRL GRY,SHOES,LIFESTYLE,MESH/SYNTHETIC LEATHER/TPU,1149,PENDING_REVIEW
812218812-6,112218812-6,MIX 4.0,WHT/YLLW/CRBN GRY,SHOES,LIFESTYLE,MESH/COW SUEDE/TPU,1349,PENDING_REVIEW
812218840-1,112218840-1,FASHION WORSHIP 2.0,GREY/CHIP GREY,SHOES,LIFESTYLE,PP/MESH,1049,PENDING_REVIEW
812218840-2,112218840-2,FASHION WORSHIP 2.0,BLACK/CARBON GREY,SHOES,LIFESTYLE,PP/MESH,1049,PENDING_REVIEW
812218840-3,112218840-3,FASHION WORSHIP 2.0,MALT LIGHT BROWN,SHOES,LIFESTYLE,PP/MESH,1049,PENDING_REVIEW
812218856-1,112218856-1,91CLASSIC,IVORY WHITE/GREY,SHOES,LIFESTYLE,MESH/SYNTHE PU/COW SUEDE,1349,PENDING_REVIEW
812218856-2,112218856-2,91CLASSIC,BLACK/GREY,SHOES,LIFESTYLE,MESH/SYNTHE PU/COW SUEDE,1349,PENDING_REVIEW
812218856-3,112218856-3,91CLASSIC,GRY/GRY/BLK,SHOES,LIFESTYLE,MESH/SYNTHE PU/COW SUEDE,1349,PENDING_REVIEW
812218856-4,112218856-4,91CLASSIC,WHT/GUM YELLOW,SHOES,LIFESTYLE,MESH/SYNTHETIC LEATHER,1349,PENDING_REVIEW
812218860-6,112218860-6,GRAVITY,CRBN GRY/BLK/GRY/GRY,SHOES,LIFESTYLE,SYNTHETIC LEATHER/MESH,799,PENDING_REVIEW
812218860-7,112218860-7,GRAVITY,BLK/ WHT/GRY/GRY,SHOES,LIFESTYLE,SYNTHETIC LEATHER/MESH,799,PENDING_REVIEW
812218871-3,112218871-3,NEST 2.0,BLK/ WHT/CNCRTE GRY,SHOES,LIFESTYLE,COW SUEDE/MESH/SYNTHE PU,1349,PENDING_REVIEW
812218871-4,112218871-4,NEST 2.0,BLACK,SHOES,LIFESTYLE,COW SUEDE/MESH/SYNTHE PU,1349,PENDING_REVIEW
812231101-8,112231101-8,KT7,WHITE,SHOES,BASKETBALL,MESH/SYNTHETIC LEATHER,4599,PENDING_REVIEW
812241101-1,112241101-1,KT8,WHITE/BLUE/ORANGE,SHOES,BASKETBALL,MESH/SYNTHETIC LEATHER/TPU,2799,PENDING_REVIEW
812241101-2,112241101-2,KT8,BLACK/MIST GREY,SHOES,BASKETBALL,MESH/SYNTHETIC LEATHER/TPU,2799,PENDING_REVIEW
812241101-3,112241101-3,KT8,WHITE/BLACK,SHOES,BASKETBALL,MESH/SYNTHETIC LEATHER/TPU,2799,PENDING_REVIEW
812241101-4,112241101-4,KT8,BEIGE/BLUE/GREY,SHOES,BASKETBALL,MESH/SYNTHETIC LEATHER,2799,PENDING_REVIEW
812241101-6,112241101-6,KT8,PINK/BLUE,SHOES,BASKETBALL,MESH/SYNTHETIC LEATHER/TPU,2799,PENDING_REVIEW
812241101-8,112241101-8,KT8,WHITE/GREEN,SHOES,BASKETBALL,MESH/SYNTHETIC LEATHER/TPU,2799,PENDING_REVIEW
812241101-9,112241101-9,KT8,WHITE/RED/BLUE,SHOES,BASKETBALL,MESH/COW ACTION LEATHER/TPU,2799,PENDING_REVIEW
812241103-2,112241103-2,GH3,WHEAT KHAKI/ORANGE,SHOES,BASKETBALL,MESH/TPU/COW SUEDE,2249,PENDING_REVIEW
812241103-5,112241103-5,GH3,GREY/BEIGE,SHOES,BASKETBALL,SYNTHETIC LEATHER/MESH/TPU,2249,PENDING_REVIEW
812241103-7,112241103-7,GH3,WHITE/SILVER,SHOES,BASKETBALL,MESH/PP/TPU,2249,PENDING_REVIEW
812241103-8,112241103-8,GH3,BLUE INK/L.BEIGE/RED,SHOES,BASKETBALL,MESH/TPU,2249,PENDING_REVIEW
812241109-1,112241109-1,SPLASH4,PINK/RAINBOW BLUE,SHOES,BASKETBALL,MESH/SYNTHETIC LEATHER/PP,1948.9999999999998,PENDING_REVIEW
812241109-3,112241109-3,SPLASH4,BEIGE,SHOES,BASKETBALL,MESH/SYNTHETIC LEATHER/PP,1948.9999999999998,PENDING_REVIEW
812241112-2,112241112-2,BADAO 22,BLUE/PINK/L.BLUE,SHOES,BASKETBALL,MESH/PP,1849,PENDING_REVIEW
812241112-6,112241112-6,BADAO 22,BLACK/L.FOG GREY,SHOES,BASKETBALL,MESH/PP,1849,PENDING_REVIEW
812241601-1,112241601-1,MOUNTAIN 2 MID,WHITE/L.PURPLE BLUE,SHOES,BASKETBALL,MESH/PP/SYNTHETIC LEATHER/TPU,1549,PENDING_REVIEW
812241601-2,112241601-2,MOUNTAIN 2 MID,BLACK/MIST GREY,SHOES,BASKETBALL,MESH/PP/SYNTHETIC LEATHER/TPU,1549,PENDING_REVIEW
812241601-3,112241601-3,MOUNTAIN 2 MID,WHITE/RIVER BLUE,SHOES,BASKETBALL,MESH/PP/SYNTHETIC LEATHER/TPU,1549,PENDING_REVIEW
812241601-4,112241601-4,MOUNTAIN 2 MID,BRIGHT BLU/WHT/ORNG,SHOES,BASKETBALL,MESH/PP/SYNTHETIC LEATHER/TPU,1549,PENDING_REVIEW
812241610-1,112241610-1,SPEED 2.0,BLACK/L.GREEN/D.BLUE,SHOES,BASKETBALL,SYNTHETIC LEATHER/MESH,1349,PENDING_REVIEW
812241610-2,112241610-2,SPEED 2.0,L.FOG GREY/GREY/WHT,SHOES,BASKETBALL,SYNTHETIC LEATHER/MESH,1349,PENDING_REVIEW
812241610-5,112241610-5,SPEED 2.0,WHITE/RAY BLUE/BLUE,SHOES,BASKETBALL,SYNTHETIC LEATHER/MESH,1349,PENDING_REVIEW
812241610-6,112241610-6,SPEED 2.0,BLACK/L.GREEN/D.BLUE,SHOES,BASKETBALL,MESH/SYNTHETIC LEATHER,1349,PENDING_REVIEW
812245523-10,112245523-10,KEEP MOVING,BLUE/BLACK,SHOES,RUNNING,MESH/PP/SYNTHETIC LEATHER,1149,PENDING_REVIEW
812245523-2,112245523-2,KEEP MOVING,BLACK/ORANGE,SHOES,RUNNING,SYNTHETIC LEATHER/MESH,1149,PENDING_REVIEW
812245523-7,112245523-7,KEEP MOVING,BLACK/SEAWEED ASH,SHOES,RUNNING,MESH/PP/SYNTHETIC LEATHER,1149,PENDING_REVIEW
812245530-1,112245530-1,ROCKET 4.0,BLACK/ORANGE,SHOES,RUNNING,MESH/PP,1399,PENDING_REVIEW
812245571-5,112245571-5,A-FLOW,BLACK,SHOES,RUNNING,MESH/PP/SYNTHETIC LEATHER,1049,PENDING_REVIEW
812245573-1,112245573-1,URBAN TRAIL RUNNING,BLACK/GREY GREEN,SHOES,RUNNING,MESH/SYNTHETIC LEATHER,949,PENDING_REVIEW
812245573-2,112245573-2,URBAN TRAIL RUNNING,BEIGE/BLK/BROWN OAK,SHOES,RUNNING,MESH/SYNTHETIC LEATHER,949,PENDING_REVIEW
812245573-3,112245573-3,URBAN TRAIL RUNNING,BLUE/BLACK,SHOES,RUNNING,MESH/SYNTHETIC LEATHER,949,PENDING_REVIEW
812247715-5,112247715-5,BASIC WALKING,BLACK,SHOES,CROSS TRAINING,SYNTHETIC LEATHER/MESH,849,PENDING_REVIEW
812247715-6,112247715-6,BASIC WALKING,BEIGE,SHOES,CROSS TRAINING,SYNTHETIC LEATHER/MESH,849,PENDING_REVIEW
812247716-4,112247716-4,ANTA FREELANDER,BLACK,SHOES,CROSS TRAINING,MESH/PP,1149,PENDING_REVIEW
812247785-1,112247785-1,UNASSAILABLE PRO,CHIP GREY/SILVER,SHOES,CROSS TRAINING,MESH/PP,1549,PENDING_REVIEW
812247785-4,112247785-4,UNASSAILABLE PRO,BLACK,SHOES,CROSS TRAINING,MESH/PP,1549,PENDING_REVIEW
812247785-5,112247785-5,UNASSAILABLE PRO,WHITE/BLACK,SHOES,CROSS TRAINING,MESH/PP,1549,PENDING_REVIEW
812247789-2,112247789-2,AS STEADY AS MNT TAI,GREY/BLACK,SHOES,CROSS TRAINING,MESH/PP/SYNTHETIC LEATHER,1349,PENDING_REVIEW
812247789-5,112247789-5,AS STEADY AS MNT TAI,WHITE/BLACK,SHOES,CROSS TRAINING,MESH/PP/SYNTHETIC LEATHER,1349,PENDING_REVIEW
812247789-6,112247789-6,AS STEADY AS MNT TAI,BLACK/RED,SHOES,CROSS TRAINING,MESH/PP/SYNTHETIC LEATHER,1349,PENDING_REVIEW
812248053-2,112248053-2,SOARING,BLK/STN BRWN/STL GRY,SHOES,LIFESTYLE,SYNTHETICLEATHER/COWSUEDE/MESH,1549,PENDING_REVIEW
812248053-3,112248053-3,SOARING,L.BROWN/L.BEIGE,SHOES,LIFESTYLE,SYNTHETICLEATHER/COWSUEDE/MESH,1549,PENDING_REVIEW
812248066-1,112248066-1,ORIGINATION 982,BEIGE/GREY,SHOES,LIFESTYLE,SYNTHETIC LEATHER/MESH,1249,PENDING_REVIEW
812248066-2,112248066-2,ORIGINATION 982,WHITE/RED/BLUE,SHOES,LIFESTYLE,SYNTHETIC LEATHER,1249,PENDING_REVIEW
812248066-4,112248066-4,ORIGINATION 982,BEIGE/RED/GOLDEN,SHOES,LIFESTYLE,SYNTHETIC LEATHER,1249,PENDING_REVIEW
812248066-5,112248066-5,ORIGINATION 982,BEIGE/GREEN,SHOES,LIFESTYLE,SYNTHETIC LEATHER,1249,PENDING_REVIEW
812248088-2,112248088-2,ROARING FLAME 3.0,BEIGE/BLACK/GREEN,SHOES,LIFESTYLE,SYNTHETIC LEATHER/MESH,1249,PENDING_REVIEW
812248088-3,112248088-3,ROARING FLAME 3.0,L.BGE/YLLW/TFFY YLLW,SHOES,LIFESTYLE,MESH/SYNTHETIC LEATHER,1399,PENDING_REVIEW
812248088-4,112248088-4,ROARING FLAME 3.0,GREY/BEIGE,SHOES,LIFESTYLE,SYNTHETIC LEATHER/MESH,1249,PENDING_REVIEW
812248088-5,112248088-5,ROARING FLAME 3.0,BEIGE/SKYLINE BLUE,SHOES,LIFESTYLE,SYNTHETIC LEATHER/MESH,1349,PENDING_REVIEW
812248088-8,112248088-8,ROARING FLAME 3.0,WHITE/BLACK,SHOES,LIFESTYLE,SYNTHETIC LEATHER/MESH,1549,PENDING_REVIEW
812248089-1,112248089-1,ROARING FLME 3.0 LOW,BEIGE,SHOES,LIFESTYLE,SYNTHETIC LEATHER/MESH,1149,PENDING_REVIEW
812248089-2,112248089-2,ROARING FLME 3.0 LOW,BEIGE/BLACK/GREEN,SHOES,LIFESTYLE,SYNTHETIC LEATHER/MESH,1149,PENDING_REVIEW
812248089-3,112248089-3,ROARING FLME 3.0 LOW,BGE/CRBN GRY/ORNG,SHOES,LIFESTYLE,SYNTHETIC LEATHER/MESH,1149,PENDING_REVIEW
812248871-2,112248871-2,HERITAGE 80,BLACK/KOALA GREY,SHOES,LIFESTYLE,MESH/SYNTHE PU/COW SUEDE,1149,PENDING_REVIEW
812248871-3,112248871-3,HERITAGE 80,FOG PURPLE GREY/BLUE,SHOES,LIFESTYLE,MESH/SYNTHE PU/COW SUEDE,1149,PENDING_REVIEW
812248871-5,112248871-5,HERITAGE 80,L.BROWN/MILK BROWN,SHOES,LIFESTYLE,MESH/SYNTHE PU/COW SUEDE,1149,PENDING_REVIEW
812248877-1,112248877-1,HERITAGE 80S,FOG GREY/BEIGE,SHOES,LIFESTYLE,MESH/COW SUEDE/SYNTHE PU,1399,PENDING_REVIEW
812248877-3,112248877-3,HERITAGE 80S,BLU/SLVR GRY/FG PRPL,SHOES,LIFESTYLE,MESH/COW SUEDE/SYNTHE PU,1399,PENDING_REVIEW
812248890-2,112248890-2,MILLENNIUM 5.0,GREY,SHOES,LIFESTYLE,MESH/SYNTHE PU/COW SUEDE,1349,PENDING_REVIEW
812258891-1,112258891-1,,BEIGE/GREEN,SHOES,LIFESTYLE,MESH/SYNTHETIC LEATHER,899,PENDING_REVIEW
812258891-2,112258891-2,,L.GRAY/GRAY,SHOES,LIFESTYLE,MESH/SYNTHETIC LEATHER,899,PENDING_REVIEW
812258891-3,112258891-3,,BLACK/L.BEIGE,SHOES,LIFESTYLE,MESH/SYNTHETIC LEATHER,899,PENDING_REVIEW
812258891-4,112258891-4,,BLACK,SHOES,LIFESTYLE,MESH/SYNTHETIC LEATHER,899,PENDING_REVIEW
812315574-5,112315574-5,,GRY/TWO DEGREE GRY,SHOES,RUNNING,SYNTHETIC LEATHER/MESH,899,PENDING_REVIEW
812315574-7,112315574-7,,BLACK/GREY,SHOES,RUNNING,SYNTHETIC LEATHER/MESH,899,PENDING_REVIEW
812315576-6,112315576-6,,SAND GREY/GRY/BLK,SHOES,RUNNING,SYNTHETIC LEATHER/MESH/PP,899,PENDING_REVIEW
812411103E-1,112411103E-1,GH4,D.BLUE/WHITE,SHOES,BASKETBALL,MESH/TPU/SYNTHETIC LEATHER,2699,PENDING_REVIEW
812415522E-1,112415522E-1,E-COM,BLACK,SHOES,RUNNING,MESH/TPU/SYNTHETIC LEATHER,899,PENDING_REVIEW
812415523E-1,112415523E-1,E-COM,BEIGE/NAVY BLUE/SLVR,SHOES,RUNNING,MESH/SYNTHETIC LEATHER/TPU,899,PENDING_REVIEW
812418061E-1,112418061E-1,E-COM,PALE GREY/BEIGE,SHOES,LIFESTYLE,SYNTHETIC LEATHER,899,PENDING_REVIEW
81817701-4,11817701-4,,L.GRAY/GRAY/SILVER,SHOES,CROSS TRAINING,MESH,998.9999999999999,PENDING_REVIEW
81821101-4,11821101-4,BASKETBALL,BLACK/WHITE,SHOES,BASKETBALL,MESH,1749,PENDING_REVIEW
81821102-4,11821102-4,BASKETBALL,D BLUE/BLACK/WHITE,SHOES,BASKETBALL,MESH,1549,PENDING_REVIEW
81821102-6,11821102-6,,BLACK/D RUBY,SHOES,BASKETBALL,MESH,1549,PENDING_REVIEW
81821166-5,11821166-5,BASKETBALL,D BLUE/WHITE/FOG GRAY,SHOES,BASKETBALL,SYNTHETIC LEATHER/MESH,1299,PENDING_REVIEW
81827710-2,11827710-2,,WHITE/SILVER,SHOES,CROSS TRAINING,MESH,998.9999999999999,PENDING_REVIEW
81827710-3,11827710-3,,BLACK,SHOES,CROSS TRAINING,MESH,998.9999999999999,PENDING_REVIEW
81828800-6,11828800-6,,BLACK,SHOES,LIFESTYLE,COW ACTION SUEDE/MESH,998.9999999999999,PENDING_REVIEW
81831109-4,11831109-4,,BRIGHT RED/BLACK/WHITE,SHOES,BASKETBALL,MESH,1349,PENDING_REVIEW
81831206-1,11831206-1,,WHITE/SILVER,SHOES,BASKETBALL,SYNTHETIC LEATHER/MESH,899,PENDING_REVIEW
81831206-2,11831206-2,,BLACK/WHITE,SHOES,BASKETBALL,SYNTHETIC LEATHER/MESH,899,PENDING_REVIEW
81831380-3,11831380-3,,BLACK/PALE GRAY/WHITE,SHOES,BASKETBALL,MESH,1249,PENDING_REVIEW
81835566-1,11835566-1,,BLACK/WHITE/SILVER,SHOES,RUNNING,MESH,1349,PENDING_REVIEW
81835566-4,11835566-4,,RED/RED,SHOES,RUNNING,MESH,1349,PENDING_REVIEW
81835570-1,11835570-1,,BLACK/WHITE,SHOES,RUNNING,SYNTHETIC LEATHER/MESH,799,PENDING_REVIEW
81835570-2,11835570-2,,PALE GRAY/WHITE,SHOES,RUNNING,SYNTHETIC LEATHER/MESH,799,PENDING_REVIEW
81835570-4,11835570-4,,BLUE/BLACK/WHITE,SHOES,RUNNING,SYNTHETIC LEATHER/MESH,799,PENDING_REVIEW
81835588-1,11835588-1,,BLACK/D.GRAY/WHITE,SHOES,RUNNING,MESH,1249,PENDING_REVIEW
81835588-2,11835588-2,,FOG GRAY/PALE GRAY/WHITE,SHOES,RUNNING,MESH,1249,PENDING_REVIEW
81835588-6,11835588-6,,RED/WHITE,SHOES,RUNNING,MESH,1249,PENDING_REVIEW
81835588-7,11835588-7,,GRAY/BEIGE/WHITE,SHOES,RUNNING,MESH,1249,PENDING_REVIEW
81835588-8,11835588-8,,BLUE/BLACK/WHITE,SHOES,RUNNING,MESH,1249,PENDING_REVIEW
81837772-1,11837772-1,,BLACK/BLUE/WHITE,SHOES,CROSS TRAINING,MESH,1399,PENDING_REVIEW
81837772-2,11837772-2,,BLACK/D.GRAY/WHITE,SHOES,CROSS TRAINING,MESH,1399,PENDING_REVIEW
81837772-3,11837772-3,,BLACK/CHARCOAL GRAY,SHOES,CROSS TRAINING,MESH,1399,PENDING_REVIEW
81838041-1,11838041-1,,BLACK/GOLD,SHOES,SPORTS LIFESTYLE,SYNTHETIC LEATHER/MESH,1149,PENDING_REVIEW
81838041-2,11838041-2,,WHITE/SILVER,SHOES,SPORTS LIFESTYLE,SYNTHETIC LEATHER/MESH,1149,PENDING_REVIEW
81921101-1,11921101-1,KT4,BRGT BLU/ICE BLU/WHT,SHOES,BASKETBALL,MESH,1948.9999999999998,PENDING_REVIEW
81921101-2,11921101-2,KT4,BLACK/BLUE/WHITE,SHOES,BASKETBALL,MESH,1948.9999999999998,PENDING_REVIEW
81921101-5,11921101-5,KT4,BLK/BRGT YLLW/WHT,SHOES,BASKETBALL,MESH,1948.9999999999998,PENDING_REVIEW
81921102-2,11921102-2,KT4 LOW,BLUE/BLACK/GOLD,SHOES,BASKETBALL,MESH,1699.0000000000002,PENDING_REVIEW
81921102-4,11921102-4,KT4 LOW,BLACK/WHITE,SHOES,BASKETBALL,MESH,1699.0000000000002,PENDING_REVIEW
81921601-3,11921601-3,KT A-SHOCK,BLACK/PALE GRY/WHT,SHOES,BASKETBALL,SYNTHETIC LEATHER/MESH,1099,PENDING_REVIEW
81921601-4,11921601-4,KT A-SHOCK,BLACK/BLUE/WHITE,SHOES,BASKETBALL,SYNTHETIC LEATHER/MESH,1099,PENDING_REVIEW
81921601-8,11921601-8,KT A-SHOCK,D.BLUE/PURPLE/WHITE,SHOES,BASKETBALL,SYNTHETIC LEATHER/MESH,1099,PENDING_REVIEW
81921668-2,11921668-2,KT-LIGHT IV,BRGT BLU/ICE BLU/WHT,SHOES,BASKETBALL,SYNTHETIC LEATHER/MESH,1299,PENDING_REVIEW
81921668-3,11921668-3,KT-LIGHT IV,BLACK/FOG GRAY/WHITE,SHOES,BASKETBALL,SYNTHETIC LEATHER/MESH,1299,PENDING_REVIEW
81921688-11,11921688-11,KT-LIGHT IV,ORG/BLU/BRGT YLLW,SHOES,BASKETBALL,SYNTHETIC LEATHER/MESH,1449,PENDING_REVIEW
81921688-7,11921688-7,KT-LIGHT IV,SEA BLU/EGG YLW/PRPL,SHOES,BASKETBALL,MESH,1449,PENDING_REVIEW
81925541-14,11925541-14,,BLACK/RED/WHITE,SHOES,RUNNING,MESH,1049,PENDING_REVIEW
81925541-2,11925541-2,,D.RED/WHITE,SHOES,RUNNING,MESH,1049,PENDING_REVIEW
81925541-5,11925541-5,,LFG GRY/BRGT BLU/DRD,SHOES,RUNNING,MESH,1049,PENDING_REVIEW
81925542-1,11925542-1,,BLACK/WHITE/D.RED,SHOES,RUNNING,MESH,1099,PENDING_REVIEW
81925542-2,11925542-2,,BLACK/WHITE/GREEN,SHOES,RUNNING,MESH,1099,PENDING_REVIEW
81925542-4,11925542-4,,L.GREEN/WHITE/GREEN,SHOES,RUNNING,MESH,1099,PENDING_REVIEW
81925551-2,11925551-2,,BLACK/D.RED,SHOES,RUNNING,MESH,1049,PENDING_REVIEW
81925551-3,11925551-3,,GRAY/YELLOW/WHITE,SHOES,RUNNING,MESH,1049,PENDING_REVIEW
81925553-10,11925553-10,,WHITE/BLACK/M.BLUE,SHOES,RUNNING,SYNTHETIC LEATHER/MESH,1649,PENDING_REVIEW
81925553-14,11925553-14,,YELLOW/ORANGE/BLACK,SHOES,RUNNING,SYNTHETIC LEATHER/MESH,1649,PENDING_REVIEW
81925553-18,11925553-18,,BLACK/D.RED/WHITE,SHOES,RUNNING,SYNTHETIC LEATHER/MESH,1649,PENDING_REVIEW
81925570-3,11925570-3,,BLACK/GREEN/WHITE,SHOES,RUNNING,SYNTHETIC LEATHER/MESH,749,PENDING_REVIEW
81925570-4,11925570-4,,SEA BLUE/D.RED/WHITE,SHOES,RUNNING,SYNTHETIC LEATHER/MESH,749,PENDING_REVIEW
81925588-1,11925588-1,,BLACK/WHITE,SHOES,RUNNING,SYNTHETIC LEATHER/MESH,1149,PENDING_REVIEW
81925588-4,11925588-4,,SEA BLUE/GRAY/WHITE,SHOES,RUNNING,SYNTHETIC LEATHER/MESH,1149,PENDING_REVIEW
81925588-7,11925588-7,,L.FOG GRAY/WHT/D.RED,SHOES,RUNNING,SYNTHETIC LEATHER/MESH,1149,PENDING_REVIEW
81925589-2,11925589-2,,YELLOW/BLACK,SHOES,RUNNING,COW ACTION LEATHER/MESH,1549,PENDING_REVIEW
81925589-6,11925589-6,,BLACK/ORANGE,SHOES,RUNNING,COW ACTION LEATHER/MESH,1549,PENDING_REVIEW
81926906-1,11926906-1,,WHITE/BLACK,SHOES,OUTDOOR,MESH/SYNTHETIC LEATHER,699,PENDING_REVIEW
81926906-2,11926906-2,,BLACK,SHOES,OUTDOOR,MESH/SYNTHETIC LEATHER,699,PENDING_REVIEW
81926906-5,11926906-5,,BLACK/GREEN/ORANGE,SHOES,OUTDOOR,MESH/SYNTHETIC LEATHER,699,PENDING_REVIEW
81926915-1,11926915-1,,BLACK/CHARCOAL GRAY,SHOES,OUTDOOR,MESH,599,PENDING_REVIEW
81926915-3,11926915-3,,RED/BLACK,SHOES,OUTDOOR,MESH,599,PENDING_REVIEW
81926915-4,11926915-4,,BLACK/GREEN/GRAY,SHOES,OUTDOOR,MESH,599,PENDING_REVIEW
81927701-2,11927701-2,,BLACK/WHITE,SHOES,OUTDOOR,MESH/SYNTHETIC LEATHER,998.9999999999999,PENDING_REVIEW
81927713-1,11927713-1,,BLACK/RED/WHITE,SHOES,CROSS TRAINING,MESH,1049,PENDING_REVIEW
81927772-4,11927772-4,,BLACK/GREEN/WHITE,SHOES,CROSS TRAINING,MESH,1499,PENDING_REVIEW
81927772-5,11927772-5,,GRAY/YELLOW/WHITE,SHOES,CROSS TRAINING,MESH,1499,PENDING_REVIEW
81927788-3,11927788-3,CITYWIDE TRAINING,WHT/BLK/BRGT BLU,SHOES,CROSS TRAINING,MESH/SYNTHETIC LEATHER,1249,PENDING_REVIEW
81927788-5,11927788-5,CITYWIDE TRAINING,SEA BLU/ORNG/L.BLU,SHOES,CROSS TRAINING,MESH/SYNTHETIC LEATHER,1249,PENDING_REVIEW
81927788-6,11927788-6,CITYWIDE TRAINING,BLK/CHRCOAL GRY/ORNG,SHOES,CROSS TRAINING,MESH/SYNTHETIC LEATHER,1249,PENDING_REVIEW
81927788-9,11927788-9,CITYWIDE TRAINING,BLACK/D.RED,SHOES,CROSS TRAINING,MESH/SYNTHETIC LEATHER,1249,PENDING_REVIEW
81928088-1,11928088-1,,BLK/BRGT BLU/WHT,SHOES,LIFESTYLE,MESH/SYNTHETIC LEATHER/COW ACTION LEATHER,1249,PENDING_REVIEW
81928088-2,11928088-2,,WHITE/YELLOW/BLACK,SHOES,LIFESTYLE,MESH/SYNTHETIC LEATHER/COW ACTION LEATHER,1249,PENDING_REVIEW
81928088-3,11928088-3,,WHITE/SEA BLUE/YELLW,SHOES,LIFESTYLE,MESH/SYNTHETIC LEATHER/COW ACTION LEATHER,1249,PENDING_REVIEW
81928808-1,11928808-1,,BLACK/GREEN/WHITE,SHOES,LIFESTYLE,MESH,1399,PENDING_REVIEW
81928808-2,11928808-2,,WHITE/BRIGHT BLU/BLK,SHOES,LIFESTYLE,MESH,1399,PENDING_REVIEW
81928812-3,11928812-3,,GRAY/SEA BLUE/WHITE,SHOES,LIFESTYLE,MESH/SYNTHETIC LEATHER,1149,PENDING_REVIEW
81928812-5,11928812-5,,BLACK/ORANGE/WHITE,SHOES,LIFESTYLE,MESH/SYNTHETIC LEATHER,1149,PENDING_REVIEW
81928842-1,11928842-1,,BLACK/GREEN/WHITE,SHOES,LIFESTYLE,MESH/SYNTHETIC LEATHER,998.9999999999999,PENDING_REVIEW
81928842-6,11928842-6,,SEA BLUE/GREEN/WHITE,SHOES,LIFESTYLE,SYNTHETIC LEATHER/MESH,998.9999999999999,PENDING_REVIEW
81928856-1,11928856-1,,BLACK/D.GRAY/WHITE,SHOES,LIFESTYLE,MESH/SYNTHETIC LEATHER,899,PENDING_REVIEW
81931101-1,11931101-1,KT,WHITE/CHAMPAGNE,SHOES,BASKETBALL,MESH/SYNTHETIC LEATHER,1999,PENDING_REVIEW
81931101-2,11931101-2,KT,WHITE/RED/SEA BLUE,SHOES,BASKETBALL,MESH/SYNTHETIC LEATHER,1999,PENDING_REVIEW
81931101-3,11931101-3,KT,BLACK/CHAMPAGNE,SHOES,BASKETBALL,MESH/SYNTHETIC LEATHER,1999,PENDING_REVIEW
81931101-5,11931101-5,KT,SEA BLUE/RED/WHITE,SHOES,BASKETBALL,MESH/SYNTHETIC LEATHER,1999,PENDING_REVIEW
81931601-3,11931601-3,BEING CRAZY,BLACK/D.GRAY/WHITE,SHOES,BASKETBALL,MESH/SYNTHETIC LEATHER,1249,PENDING_REVIEW
81931601-8,11931601-8,BEING CRAZY,D.PURPLE/BLK/PRPL,SHOES,BASKETBALL,MESH/SYNTHETIC LEATHER,1249,PENDING_REVIEW
81931605-1,11931605-1,BEING CRAZY,BLACK/PURPLE/ORANGE,SHOES,BASKETBALL,MESH/SYNTHETIC LEATHER,1549,PENDING_REVIEW
81931605-6,11931605-6,BEING CRAZY,SEA BLUE/PRPL/ORNG,SHOES,BASKETBALL,MESH/SYNTHETIC LEATHER,1549,PENDING_REVIEW
81931608-2,11931608-2,BEING CRAZY,BLACK/WHITE/ORANGE,SHOES,BASKETBALL,MESH/SYNTHETIC LEATHER,1349,PENDING_REVIEW
81931612-1,11931612-1,,WHITE/ORANGE/BLACK,SHOES,BASKETBALL,SYNTHETIC LEATHER/MESH,1149,PENDING_REVIEW
81931612-3,11931612-3,,SEA BLUE/RED/GREEN,SHOES,BASKETBALL,SYNTHETIC LEATHER/MESH,1149,PENDING_REVIEW
81935501-4,11935501-4,,D.GRAY/BLACK/WHITE,SHOES,RUNNING,MESH,1549,PENDING_REVIEW
81935501-5,11935501-5,,YELLOW/BLACK/WHITE,SHOES,RUNNING,MESH,1549,PENDING_REVIEW
81935515-1,11935515-1,,BLACK/D.RED,SHOES,RUNNING,MESH/SYNTHETIC LEATHER,998.9999999999999,PENDING_REVIEW
81935515-2,11935515-2,,BLACK/D.GRAY/WHITE,SHOES,RUNNING,MESH/SYNTHETIC LEATHER,998.9999999999999,PENDING_REVIEW
81935515-3,11935515-3,,FOG GRY/D.GRY/BLK,SHOES,RUNNING,MESH/SYNTHETIC LEATHER,998.9999999999999,PENDING_REVIEW
81935516-1,11935516-1,,BLACK,SHOES,RUNNING,SYNTHETIC LEATHER/MESH,849,PENDING_REVIEW
81935516-3,11935516-3,,WHITE,SHOES,RUNNING,SYNTHETIC LEATHER/MESH,849,PENDING_REVIEW
81935551-1,11935551-1,,BLACK/D.RED/BLUE,SHOES,RUNNING,MESH/SYNTHETIC LEATHER,1399,PENDING_REVIEW
81935551-2,11935551-2,,GRAY/YELLOW/WHITE,SHOES,RUNNING,MESH/SYNTHETIC LEATHER,1399,PENDING_REVIEW
81935567-1,11935567-1,,GRAY/WHITE,SHOES,RUNNING,MESH/SYNTHETIC LEATHER,998.9999999999999,PENDING_REVIEW
81935582-2,11935582-2,,BLACK/WHITE,SHOES,RUNNING,MESH/SYNTHETIC LEATHER,998.9999999999999,PENDING_REVIEW
81935582-4,11935582-4,,FOG GRY/GRN/WHT,SHOES,RUNNING,MESH/SYNTHETIC LEATHER,998.9999999999999,PENDING_REVIEW
81935588-1,11935588-1,,BLCK/CRUST GRN/WHT,SHOES,RUNNING,MESH,1349,PENDING_REVIEW
81935588-3,11935588-3,,BEIGE/SILVER/BLACK,SHOES,RUNNING,MESH,1349,PENDING_REVIEW
81935588-5,11935588-5,,D.RED/RED/BLACK,SHOES,RUNNING,MESH,1349,PENDING_REVIEW
81937710-3,11937710-3,,BLUE/D.BLUE/WHITE,SHOES,CROSS TRAINING,MESH,998.9999999999999,PENDING_REVIEW
81937710-4,11937710-4,,RED/BLACK/WHITE,SHOES,CROSS TRAINING,MESH,998.9999999999999,PENDING_REVIEW
81937715-1,11937715-1,PLEASANT MOVING,BLACK/GOLD,SHOES,CROSS TRAINING,MESH,998.9999999999999,PENDING_REVIEW
81937715-2,11937715-2,PLEASANT MOVING,WHITE/BLACK,SHOES,CROSS TRAINING,MESH,998.9999999999999,PENDING_REVIEW
81937781-1,11937781-1,,BLACK/RED,SHOES,CROSS TRAINING,MESH/TPU,1149,PENDING_REVIEW
81937781-8,11937781-8,,CHARCOAL GRN/BEIGE,SHOES,CROSS TRAINING,SYNTHETIC LEATHER/MESH/TPU,1149,PENDING_REVIEW
81937788-1,11937788-1,REBORN WITH ENERGY,BLACK/RED,SHOES,CROSS TRAINING,MESH,1149,PENDING_REVIEW
81937788-2,11937788-2,REBORN WITH ENERGY,WHITE/D.RED,SHOES,CROSS TRAINING,MESH,1149,PENDING_REVIEW
81937788-3,11937788-3,REBORN WITH ENERGY,RED/BLACK,SHOES,CROSS TRAINING,MESH,1149,PENDING_REVIEW
81937788-5,11937788-5,REBORN WITH ENERGY,PALE GRAY/BLK/WHITE,SHOES,CROSS TRAINING,MESH,1149,PENDING_REVIEW
81938043-1,11938043-1,CITY NINJA,BLACK/D.GRAY,SHOES,LIFESTYLE,SYNTHETIC LEATHER/MESH,1149,PENDING_REVIEW
81938043-2,11938043-2,CITY NINJA,WHITE/BLACK,SHOES,LIFESTYLE,SYNTHETIC LEATHER/MESH,1049,PENDING_REVIEW
81938043-4,11938043-4,CITY NINJA,GRN/BLK/CHRCOAL GRN,SHOES,LIFESTYLE,SYNTHETIC LEATHER/MESH,1149,PENDING_REVIEW
81938088-3,11938088-3,,BLACK/BLUE/WHITE,SHOES,LIFESTYLE,MESH/SYNTHETIC LEATHER,1199,PENDING_REVIEW
81938840-1,11938840-1,91CLOUD,BLACK/GREEN/WHITE,SHOES,LIFESTYLE,MESH,749,PENDING_REVIEW
81938840-2,11938840-2,91CLOUD,WHITE/BLACK,SHOES,LIFESTYLE,MESH,749,PENDING_REVIEW
81938840-4,11938840-4,91CLOUD,INK BLUE/YELLOW/WHT,SHOES,LIFESTYLE,MESH,749,PENDING_REVIEW
81938842-2,11938842-2,,WHITE/BLACK,SHOES,LIFESTYLE,MESH/SYNTHETIC LEATHER,949,PENDING_REVIEW
81938852-1,11938852-1,91STAR,BLACK/RED/WHITE,SHOES,LIFESTYLE,MESH/SYNTHE PU/SWEDE LEATHER,849,PENDING_REVIEW
81938852-2,11938852-2,91STAR,WHITE/ORANGE,SHOES,LIFESTYLE,MESH/SYNTHE PU/SWEDE LEATHER,849,PENDING_REVIEW
81941101-10,11941101-10,KT5,D.RED/ORANGE/WHITE,SHOES,BASKETBALL,MESH/TPU/SYNTHETIC LEATHER,2099,PENDING_REVIEW
81941101-8,11941101-8,KT5,BLUE/GREEN/ORANGE,SHOES,BASKETBALL,MESH/TPU/SYNTHETIC LEATHER,2099,PENDING_REVIEW
81941101-9,11941101-9,KT5,WHITE/GRAY/BLUE,SHOES,BASKETBALL,MESH/TPU/SYNTHETIC LEATHER,2099,PENDING_REVIEW
81941606-1,11941606-1,SHOCK THE GAME,BLACK/ORANGE/WHITE,SHOES,BASKETBALL,SYNTHETIC LEATHER/MESH,1249,PENDING_REVIEW
81941606-4,11941606-4,SHOCK THE GAME,BLACK/SEA BLUE/WHITE,SHOES,BASKETBALL,SYNTHETIC LEATHER/MESH,1249,PENDING_REVIEW
81941607-1,11941607-1,SHOCK THE GAME,BLACK/ORANGE/D.GREEN,SHOES,BASKETBALL,SYNTHETIC LEATHER/MESH,1249,PENDING_REVIEW
81941607-4,11941607-4,SHOCK THE GAME,BLACK/WHITE/RED,SHOES,BASKETBALL,SYNTHETIC LEATHER/MESH,1249,PENDING_REVIEW
81941621-2,11941621-2,SHOCK THE GAME,BLACK/WHITE,SHOES,BASKETBALL,SYNTHETIC LEATHER/MESH,1149,PENDING_REVIEW
81941621-4,11941621-4,SHOCK THE GAME,BLACK/RED/WHITE,SHOES,BASKETBALL,SYNTHETIC LEATHER/MESH,1149,PENDING_REVIEW
81941621-5,11941621-5,SHOCK THE GAME,BLACK/RED/WHITE,SHOES,BASKETBALL,MESH/SYNTHETIC LEATHER,1149,PENDING_REVIEW
81941806-1,11941806-1,KT,CHARCOAL GRAY/L.GRAY/GRAY,SHOES,BASKETBALL,SYNTHETIC LEATHER/MESH,1249,PENDING_REVIEW
81945501-1,11945501-1,NIGHT STORM,BLACK/SILVER/ORANGE,SHOES,RUNNING,MESH/SYNTHETIC LEATHER/TPU,1349,PENDING_REVIEW
81945501-7,11945501-7,NIGHT STORM,RED/BLACK/SILVER,SHOES,RUNNING,MESH/SYNTHETIC LEATHER/TPU,1349,PENDING_REVIEW
81945504-1,11945504-1,NIGHT STORM,BLACK/CHARCOAL GRAY,SHOES,RUNNING,MESH/TPU,1349,PENDING_REVIEW
81945504-3,11945504-3,NIGHT STORM,FOG GRAY/D.GRAY/BLUE,SHOES,RUNNING,MESH/TPU,1349,PENDING_REVIEW
81945510-1,11945510-1,,BLACK/SILVER,SHOES,RUNNING,MESH,749,PENDING_REVIEW
81945510-2,11945510-2,,D.GRAY/CHARCOAL GRAY/WHITE,SHOES,RUNNING,MESH,749,PENDING_REVIEW
81945565-1,11945565-1,,BLACK/GREEN,SHOES,RUNNING,MESH/SYNTHETIC LEATHER,849,PENDING_REVIEW
81945565-2,11945565-2,,BLACK/D.GRAY/WHITE,SHOES,RUNNING,MESH/SYNTHETIC LEATHER,849,PENDING_REVIEW
81945565-3,11945565-3,,RED/BLACK/WHITE,SHOES,RUNNING,MESH/SYNTHETIC LEATHER,849,PENDING_REVIEW
81945587-1,11945587-1,NIGHT STORM,BLACK/CHARCOAL GRAY/WHITE,SHOES,RUNNING,MESH/SYNTHETIC LEATHER,1299,PENDING_REVIEW
81945587-2,11945587-2,NIGHT STORM,WHITE/FOG GRAY/BLUE,SHOES,RUNNING,MESH/SYNTHETIC LEATHER,1299,PENDING_REVIEW
81945587-4,11945587-4,NIGHT STORM,D.RED/BLACK/WHITE,SHOES,RUNNING,MESH/SYNTHETIC LEATHER,1299,PENDING_REVIEW
81945587-5,11945587-5,NIGHT STORM,BLACK/CHARCOAL GRAY/GREEN,SHOES,RUNNING,MESH/SYNTHETIC LEATHER,1299,PENDING_REVIEW
81947713-2,11947713-2,JOGGING,BLACK/WHITE/RED,SHOES,CROSS TRAINING,MESH,998.9999999999999,PENDING_REVIEW
81947715-5,11947715-5,JOGGING,BLACK/SILVER,SHOES,CROSS TRAINING,MESH/SYNTHETIC LEATHER,749,PENDING_REVIEW
81947715-7,11947715-7,JOGGING,WHITE/SILVER,SHOES,CROSS TRAINING,MESH/SYNTHETIC LEATHER,749,PENDING_REVIEW
81947788-4,11947788-4,BOXING,RED/BLACK/WHITE,SHOES,CROSS TRAINING,MESH/TPU,1249,PENDING_REVIEW
81948061-3,11948061-3,,WHITE/RED/BLUE,SHOES,LIFESTYLE,SYNTHETIC LEATHER/MESH,649,PENDING_REVIEW
81948083-9,11948083-9,A-JELLY-TRACK,GRAY/GREEN/WHITE,SHOES,LIFESTYLE,SYNTHETIC LEATHER/MESH,1049,PENDING_REVIEW
81948843-1,11948843-1,DANCE BATTLE,BLACK/WHITE,SHOES,LIFESTYLE,SYNTHETIC LEATHER/MESH,749,PENDING_REVIEW
81948843-4,11948843-4,DANCE BATTLE,WHITE/GREEN/CHARCOAL GREEN,SHOES,LIFESTYLE,SYNTHETIC LEATHER/MESH,749,PENDING_REVIEW
822025591-5,122025591-5,VINTAGE,WHT/BLK/LUMINC ORNG,SHOES,RUNNING,SYNTHE PU/MESH,1099,PENDING_REVIEW
822028052-2,122028052-2,,WHT/GRN BNS/PRL PNK,SHOES,LIFESTYLE,MESH/SYNTHE PU,949,PENDING_REVIEW
822028052-4,122028052-4,,BLACK/IVORY/GREY,SHOES,LIFESTYLE,MESH/SYNTHE PU,949,PENDING_REVIEW
822028884-2,122028884-2,WOMEN SPECIAL,PLE GRYPNK/IVRY/SLVR,SHOES,LIFESTYLE,MESH/SYNTHE PU,949,PENDING_REVIEW
822028884-3,122028884-3,WOMEN SPECIAL,BLACK/IVORY,SHOES,LIFESTYLE,MESH/SYNTHE PU,949,PENDING_REVIEW
822035518-1,122035518-1,MARS FOAM,BEIGE,SHOES,RUNNING,MESH/PP/SYNTHETIC LEATHER,998.9999999999999,PENDING_REVIEW
822035518-2,122035518-2,MARS FOAM,BEIGE/BLUE,SHOES,RUNNING,MESH/PP/SYNTHETIC LEATHER,998.9999999999999,PENDING_REVIEW
822035518-4,122035518-4,MARS FOAM,BLACK,SHOES,RUNNING,MESH/PP/SYNTHETIC LEATHER,998.9999999999999,PENDING_REVIEW
822035521-4,122035521-4,FLASHFOAM,BLACK/L.PURPLE/PINK,SHOES,RUNNING,MESH/PP,998.9999999999999,PENDING_REVIEW
822035547-1,122035547-1,EASY TO BEND,BEIGE,SHOES,RUNNING,MESH/PP,998.9999999999999,PENDING_REVIEW
822035547-2,122035547-2,EASY TO BEND,BLACK/BLUE,SHOES,RUNNING,MESH/PP,998.9999999999999,PENDING_REVIEW
822035555-2,122035555-2,VENOMOUS STING,GRAY,SHOES,RUNNING,MESH/PP/SYNTHETIC LEATHER,899,PENDING_REVIEW
822035555-4,122035555-4,VENOMOUS STING,BEIGE/L.PURPLE,SHOES,RUNNING,MESH/PP/SYNTHETIC LEATHER,899,PENDING_REVIEW
822035557-3,122035557-3,ARCH,L.GRAY/GRAY,SHOES,RUNNING,SYNTHETIC LEATHER/MESH/PP,899,PENDING_REVIEW
822035565-1,122035565-1,CITY,BLACK,SHOES,RUNNING,MESH/SYNTHETIC LEATHER/PP,849,PENDING_REVIEW
822035565-2,122035565-2,CITY,PINK,SHOES,RUNNING,MESH/SYNTHETIC LEATHER/PP,849,PENDING_REVIEW
822035565-4,122035565-4,CITY,BEIGE/L.PURPLE,SHOES,RUNNING,MESH/SYNTHETIC LEATHER/PP,849,PENDING_REVIEW
822035570-2,122035570-2,COMFORTABLE RUNNING,L.PINK/WHITE,SHOES,RUNNING,MESH/SYNTHETIC LEATHER,749,PENDING_REVIEW
822035570-3,122035570-3,COMFORTABLE RUNNING,BLACK,SHOES,RUNNING,MESH/SYNTHETIC LEATHER,749,PENDING_REVIEW
822035576-1,122035576-1,COMFORTABLE RUNNING,BLACK/PINK,SHOES,RUNNING,MESH/SYNTHETIC LEATHER,749,PENDING_REVIEW
822035585-2,122035585-2,FLY A SHADOW,BEIGE/SILVER,SHOES,RUNNING,MESH/PP,1349,PENDING_REVIEW
822035589-3,122035589-3,FLY A SHADOW,BEIGE,SHOES,RUNNING,MESH/PP,1149,PENDING_REVIEW
822037710-10,122037710-10,WALKING,GRAY/PINK,SHOES,CROSS TRAINING,MESH/PP/TPU,998.9999999999999,PENDING_REVIEW
822037710-2,122037710-2,WALKING,GRAY/ORANGE,SHOES,CROSS TRAINING,MESH/PP/TPU,998.9999999999999,PENDING_REVIEW
822037710-7,122037710-7,WALKING,BLACK,SHOES,CROSS TRAINING,MESH/PP/TPU,998.9999999999999,PENDING_REVIEW
822037710-8,122037710-8,WALKING,BLACK/GRAY/PINK,SHOES,CROSS TRAINING,MESH/PP/TPU,998.9999999999999,PENDING_REVIEW
822037756-1,122037756-1,WOMEN,WHITE,SHOES,CROSS TRAINING,SYNTHETIC LEATHER/MESH,749,PENDING_REVIEW
822037756-3,122037756-3,WOMEN,BLACK/WHITE,SHOES,CROSS TRAINING,SYNTHETIC LEATHER/MESH,749,PENDING_REVIEW
822037756-6,122037756-6,WOMEN,WHITE/BLACK,SHOES,CROSS TRAINING,SYNTHETIC LEATHER/MESH,749,PENDING_REVIEW
822037773-3,122037773-3,AIR CUSHION,BEIGE,SHOES,CROSS TRAINING,MESH/SYNTHETIC LEATHER,899,PENDING_REVIEW
822037773-4,122037773-4,AIR CUSHION,BLACK,SHOES,CROSS TRAINING,MESH/SYNTHETIC LEATHER,899,PENDING_REVIEW
822038042-1,122038042-1,GIRLPOWER,BEIGE,SHOES,LIFESTYLE,SYNTHETIC LEATHER/MESH,849,PENDING_REVIEW
822038081-4,122038081-4,BADAO,BLACK/PURPLE/PINK,SHOES,LIFESTYLE,MESH/SYNTHETIC LEATHER/PP,1049,PENDING_REVIEW
822038081-5,122038081-5,BADAO,BEIGE/L.PURPLE/L.GRN,SHOES,LIFESTYLE,MESH/SYNTHETIC LEATHER/PP,1049,PENDING_REVIEW
822038822-1,122038822-1,CLUNKY SNEAKER,BLACK,SHOES,LIFESTYLE,MESH/SYNTHETIC LEATHER,749,PENDING_REVIEW
822038822-2,122038822-2,CLUNKY SNEAKER,BEIGE,SHOES,LIFESTYLE,MESH/SYNTHETIC LEATHER,749,PENDING_REVIEW
822038861-2,122038861-2,91CLOUD,GRAY/BEIGE,SHOES,LIFESTYLE,MESH,649,PENDING_REVIEW
822038861-3,122038861-3,91CLOUD,BLACK/BEIGE,SHOES,LIFESTYLE,MESH,649,PENDING_REVIEW
822038883-2,122038883-2,DADDY SHOES,BEIGE/L.GRAY/GREEN,SHOES,LIFESTYLE,MESH/SYNTHETIC LEATHER/PP,998.9999999999999,PENDING_REVIEW
822038884-1,122038884-1,HER,BEIGE /ROSE GOLD,SHOES,LIFESTYLE,SYNTHETIC LEATHER/MESH,849,PENDING_REVIEW
822038884-2,122038884-2,HER,GRAY/BEIGE,SHOES,LIFESTYLE,SYNTHETIC LEATHER/MESH,849,PENDING_REVIEW
822038884-3,122038884-3,HER,BLACK/BEIGE/L.PURPLE,SHOES,LIFESTYLE,SYNTHETIC LEATHER/MESH,849,PENDING_REVIEW
822038886-1,122038886-1,HER,BLACK/ROSE GOLD/GRN,SHOES,LIFESTYLE,MESH/SYNTHETIC LEATHER,1099,PENDING_REVIEW
822038886-3,122038886-3,HER,GRAY/L.GRAY,SHOES,LIFESTYLE,MESH/SYNTHETIC LEATHER,1099,PENDING_REVIEW
822125501-1,122125501-1,A-JELLY,BLACK/LIGHT PINK,SHOES,RUNNING,MOULD/RUBBER/DPU/TPU,1399,PENDING_REVIEW
822125501-3,122125501-3,A-JELLY,IVORY WHT/WHT PNK,SHOES,RUNNING,MOULD/RUBBER/DPU/TPU,1399,PENDING_REVIEW
822125502-1,122125502-1,A-JELLYLITE,BLACK,SHOES,RUNNING,MOULD/RUBBER/DPU,949,PENDING_REVIEW
822125502-2,122125502-2,A-JELLYLITE,IVORY WHITE/BLUE,SHOES,RUNNING,MOULD/RUBBER/DPU,949,PENDING_REVIEW
822125518-1,122125518-1,,IVORY WHITE/PINK,SHOES,RUNNING,MOULD/RUBBER/TPU,1149,PENDING_REVIEW
822125518-2,122125518-2,,IVR WHT/PRPL/BLU,SHOES,RUNNING,MOULD/RUBBER/TPU,1149,PENDING_REVIEW
822125520-3,122125520-3,BUBBLE SHOES2,IVORY WHITE,SHOES,RUNNING,MOULD/RUBBER,1049,PENDING_REVIEW
822125520-6,122125520-6,BUBBLE SHOES2,NAKED PINK/IVRY WHT,SHOES,RUNNING,MOULD/RUBBER,949,PENDING_REVIEW
822125540-2,122125540-2,A-FLASHLITE,IVORY WHITE,SHOES,RUNNING,MOULD/RUBBER,1049,PENDING_REVIEW
822125540-3,122125540-3,A-FLASHLITE,IVRY WHT/PNK/ BLU,SHOES,RUNNING,MOULD/RUBBER,1049,PENDING_REVIEW
822125540-7,122125540-7,A-FLASHLITE,BLACK,SHOES,RUNNING,MOULD/RUBBER,1049,PENDING_REVIEW
822125570-3,122125570-3,COMFORT RUNNING,IVORY WHITE/WHT PNK,SHOES,RUNNING,MOULD,799,PENDING_REVIEW
822125573-1,122125573-1,COMFORT RUNNING,BLACK,SHOES,RUNNING,MOULD,699,PENDING_REVIEW
822125573-2,122125573-2,COMFORT RUNNING,IVORY WHITE,SHOES,RUNNING,MOULD,699,PENDING_REVIEW
822125575-1,122125575-1,COMFORT RUNNING,BLACK,SHOES,RUNNING,MOULD,649,PENDING_REVIEW
822125575-2,122125575-2,COMFORT RUNNING,IVORY WHT/NKD PNK,SHOES,RUNNING,MOULD,649,PENDING_REVIEW
822125580-1,122125580-1,A-FLASHFOAM,BLACK,SHOES,RUNNING,MOULD/RUBBER/TPU,1049,PENDING_REVIEW
822125580-3,122125580-3,A-FLASHFOAM,FOG PRPL/OXYGN BLU,SHOES,RUNNING,MOULD/RUBBER/TPU,1049,PENDING_REVIEW
822125585-1,122125585-1,ANTELOPE,BLACK/CARBON GRAY,SHOES,RUNNING,MOULD/RUBBER/CARBON FIBER,1199,PENDING_REVIEW
822125585-4,122125585-4,ANTELOPE,IVRY WHT/PNK/LILCGRY,SHOES,RUNNING,MOULD/RUBBER/CARBON FIBER,1199,PENDING_REVIEW
822125585-7,122125585-7,ANTELOPE,OXYGN BLU/LILAC GRY,SHOES,RUNNING,MOULD/RUBBER/CARBON FIBER,1199,PENDING_REVIEW
822125586-1,122125586-1,C202 MACH1,BLK/IVRYWHT/RNBW PNK,SHOES,RUNNING,MOULD/RUBBER/TPU,1399,PENDING_REVIEW
822125586-3,122125586-3,C202 MACH1,IVORY WHITE/BLUE/PNK,SHOES,RUNNING,MOULD/RUBBER/TPU,1399,PENDING_REVIEW
822125598-3,122125598-3,AIR CUSHION,IVRY WHT/WTRFLL BLU,SHOES,RUNNING,RUBBER/TPU,1549,PENDING_REVIEW
822127703-5,122127703-5,SUPERFLEXI,IVORY WHITE/BLACK/RD,SHOES,CROSS TRAINING,MOULD,949,PENDING_REVIEW
822127710-1,122127710-1,SPACE CAPSULE,IVORY WHITE,SHOES,CROSS TRAINING,MOULD,949,PENDING_REVIEW
822128064-1,122128064-1,BASIC,IVORY WHITE,SHOES,LIFESTYLE,MOULD,649,PENDING_REVIEW
822128064-3,122128064-3,BASIC,WHITE PINK,SHOES,LIFESTYLE,MOULD,649,PENDING_REVIEW
822128084-2,122128084-2,BADAO,IVRY WHT/MIRAGE BLU,SHOES,LIFESTYLE,MOULD/RUBBER,1299,PENDING_REVIEW
822128084-6,122128084-6,BADAO,MIST PURPLE/IVRY WHT,SHOES,LIFESTYLE,MOULD/RUBBER,1099,PENDING_REVIEW
822128085-2,122128085-2,LUCY,IVRY WHT/GRY/PRPL,SHOES,LIFESTYLE,MOULD/RUBBER/TPU,1049,PENDING_REVIEW
822128089-1,122128089-1,G6,IVORY WHITE,SHOES,LIFESTYLE,MOULD/RUBBER/TPU,1199,PENDING_REVIEW
822128800-2,122128800-2,RUBIK'S CUBE,WHITE/BLACK,SHOES,LIFESTYLE,MOULD/RUBBER/TPU,949,PENDING_REVIEW
822128863-1,122128863-1,COCOON-BREAK,IVORY WHITE,SHOES,LIFESTYLE,MOULD/TPU,799,PENDING_REVIEW
822128863-2,122128863-2,COCOON-BREAK,BLACK/IVORY WHITE,SHOES,LIFESTYLE,MOULD/TPU,799,PENDING_REVIEW
822135501-1,122135501-1,A-JELLY,BLACK/GRAY,SHOES,RUNNING,MESH/SYNTHETIC LEATHER,1449,PENDING_REVIEW
822135501-2,122135501-2,A-JELLY,GRAY/BABY PINK,SHOES,RUNNING,MESH/SYNTHETIC LEATHER,1449,PENDING_REVIEW
822135504-1,122135504-1,A-JELLY,BEIGE,SHOES,RUNNING,MESH/PP,1299,PENDING_REVIEW
822135515-1,122135515-1,A-SHOCK,BLACK,SHOES,RUNNING,MESH,949,PENDING_REVIEW
822135515-4,122135515-4,A-SHOCK,L.PINK/BEIGE,SHOES,RUNNING,MESH,949,PENDING_REVIEW
822135516-1,122135516-1,A-CORE,BLACK,SHOES,RUNNING,MESH/PP,1049,PENDING_REVIEW
822135516-2,122135516-2,A-CORE,BEIGE/PURPLE,SHOES,RUNNING,MESH/PP,1049,PENDING_REVIEW
822135555-1,122135555-1,SUPERFLEXI,BLACK,SHOES,RUNNING,MESH/PP/SYNTHETIC LEATHER,949,PENDING_REVIEW
822135555-10,122135555-10,SUPERFLEXI,BLACK/BEIGE,SHOES,RUNNING,SYNTHETIC LEATHER/MESH,949,PENDING_REVIEW
822135555-2,122135555-2,SUPERFLEXI,BLACK/BEIGE,SHOES,RUNNING,MESH/PP/SYNTHETIC LEATHER,949,PENDING_REVIEW
822135555-5,122135555-5,SUPERFLEXI,BEIGE/L.PINK/PURPLE,SHOES,RUNNING,MESH/PP/SYNTHETIC LEATHER,949,PENDING_REVIEW
822135562-1,122135562-1,A-FLASH FOAM,BLACK/PURPLE/BEIGE,SHOES,RUNNING,MESH/SYNTHETIC LEATHER/TPU/PP,1449,PENDING_REVIEW
822135562-2,122135562-2,A-FLASH FOAM,BEIGE/PINK,SHOES,RUNNING,MESH/SYNTHETIC LEATHER/TPU/PP,1449,PENDING_REVIEW
822135565-4,122135565-4,CITY,BLACK,SHOES,RUNNING,SYNTHETIC LEATHER/MESH/TPU/ PP,949,PENDING_REVIEW
822135565-5,122135565-5,CITY,GRAY,SHOES,RUNNING,MESH/SYNTHETIC LEATHER/TPU/PP,949,PENDING_REVIEW
822135568-3,122135568-3,COMFORT RUNNING,L.PINK/BEIGE,SHOES,RUNNING,MESH/SYNTHETIC LEATHER,799,PENDING_REVIEW
822135571-1,122135571-1,COMFORT RUNNING,BLACK,SHOES,RUNNING,MESH/SYNTHETIC LEATHER/PP,799,PENDING_REVIEW
822135571-2,122135571-2,COMFORT RUNNING,BEIGE,SHOES,RUNNING,MESH/SYNTHETIC LEATHER/PP,799,PENDING_REVIEW
822135585-2,122135585-2,MARS FOAM,BEIGE,SHOES,RUNNING,MESH/PP,1049,PENDING_REVIEW
822135586-1,122135586-1,FLASHEDGE,BLACK/RED/BEIGE,SHOES,RUNNING,MESH/PP,1249,PENDING_REVIEW
822135586-2,122135586-2,FLASHEDGE,BEIGE/PURPLE,SHOES,RUNNING,MESH/PP,1249,PENDING_REVIEW
822135586-4,122135586-4,FLASHEDGE,BEIGE/PINK,SHOES,RUNNING,MESH/PP,1249,PENDING_REVIEW
822135586-8,122135586-8,FLASHEDGE,BEIGE/GREEN/PURPLE,SHOES,RUNNING,MESH/PP,1249,PENDING_REVIEW
822135590-1,122135590-1,RETRO RUNNING,BEIGE/L.FOG GRAY/PNK,SHOES,RUNNING,MESH/PP/SYNTHETIC LEATHER,1049,PENDING_REVIEW
822135590-3,122135590-3,RETRO RUNNING,BEIGE/BLACK/GRAY,SHOES,RUNNING,MESH/PP/SYNTHETIC LEATHER,1049,PENDING_REVIEW
822137715-10,122137715-10,SOFT WALKING,BLACK/GRAY,SHOES,CROSS-TRAINING,SYNTHETIC LEATHER/MESH,949,PENDING_REVIEW
822137715-7,122137715-7,SOFT WALKING,BEIGE/L.GRAY,SHOES,CROSS-TRAINING,SYNTHETIC LEATHER/MESH,949,PENDING_REVIEW
822137715-9,122137715-9,SOFT WALKING,GRAY,SHOES,CROSS-TRAINING,SYNTHETIC LEATHER/MESH,949,PENDING_REVIEW
822137725-1,122137725-1,SOFT WALKING,BEIGE,SHOES,CROSS-TRAINING,MESH/TPU,799,PENDING_REVIEW
822137725-2,122137725-2,SOFT WALKING,GRAY,SHOES,CROSS-TRAINING,MESH/TPU,799,PENDING_REVIEW
822137725-4,122137725-4,SOFT WALKING,BLACK,SHOES,CROSS-TRAINING,MESH/TPU,799,PENDING_REVIEW
822138062-3,122138062-3,BASIC,BEIGE/PURPLE/GREEN,SHOES,LIFESTYLE,SYNTHETIC LEATHER/MESH,799,PENDING_REVIEW
822138063-1,122138063-1,BASIC,BEIGE,SHOES,LIFESTYLE,SYNTHETIC LEATHER/MESH,699,PENDING_REVIEW
822138063-2,122138063-2,BASIC,BEIGE/PINK,SHOES,LIFESTYLE,SYNTHETIC LEATHER/MESH,699,PENDING_REVIEW
822138063-4,122138063-4,BASIC,BEIGE/BLACK,SHOES,LIFESTYLE,SYNTHETIC LEATHER/MESH,699,PENDING_REVIEW
822138066-1,122138066-1,THICK SOLE,BEIGE/BLK/CLOUD PINK,SHOES,LIFESTYLE,SYNTHETIC LEATHER/MESH,799,PENDING_REVIEW
822138066-2,122138066-2,THICK SOLE,BEIGE/PINK/L.BLUE,SHOES,LIFESTYLE,SYNTHETIC LEATHER/MESH,799,PENDING_REVIEW
822138071-1,122138071-1,,BEIGE/SILVER,SHOES,LIFESTYLE,SYNTHETIC LEATHER/MESH,899,PENDING_REVIEW
822138071-2,122138071-2,,BEIGE/BLACK/PURPLE,SHOES,LIFESTYLE,SYNTHETIC LEATHER/MESH,899,PENDING_REVIEW
822138071-3,122138071-3,,GRAY/BEIGE/GRAY,SHOES,LIFESTYLE,SYNTHETIC LEATHER/MESH,899,PENDING_REVIEW
822138081-1,122138081-1,BADAO3.0,BEIGE/ORANGE/LKE BLU,SHOES,LIFESTYLE,MESH/SYNTHETIC LEATHER/PP,1149,PENDING_REVIEW
822138081-2,122138081-2,BADAO3.0,GREEN/BEIGE/PURPLE,SHOES,LIFESTYLE,MESH/SYNTHETIC LEATHER/PP,1149,PENDING_REVIEW
822138081-3,122138081-3,BADAO3.0,BEIGE/BLACK/SEA PINK,SHOES,LIFESTYLE,MESH/SYNTHETIC LEATHER/PP,1149,PENDING_REVIEW
822138081-4,122138081-4,BADAO3.0,BEIGE/BLACK/PURPLE,SHOES,LIFESTYLE,MESH/SYNTHETIC LEATHER/PP,1149,PENDING_REVIEW
822138081-5,122138081-5,BADAO3.0,BEIGE/BLACK/CARMINE,SHOES,LIFESTYLE,MESH/SYNTHETIC LEATHER/PP,1149,PENDING_REVIEW
822138081-6,122138081-6,BADAO3.0,BEIGE/INK BLUE/BLACK,SHOES,LIFESTYLE,MESH/SYNTHETIC LEATHER/PP,1149,PENDING_REVIEW
822138081-7,122138081-7,BADAO3.0,D.BLUE/RED/L.BROWN,SHOES,LIFESTYLE,MESH/SYNTHEPU/COWTOPLAYER,1299,PENDING_REVIEW
822138084-1,122138084-1,LITTLE G6,BEIGE/L.SLVR GRY/BLU,SHOES,LIFESTYLE,MESH/SYNTHETIC LEATHER/PP,1049,PENDING_REVIEW
822138084-2,122138084-2,LITTLE G6,BEIGE/PURPLE/GRAY,SHOES,LIFESTYLE,MESH/SYNTHETIC LEATHER/PP,1049,PENDING_REVIEW
822138084-3,122138084-3,LITTLE G6,BEIGE/MUDDY BLU/GRAY,SHOES,LIFESTYLE,MESH/SYNTHETIC LEATHER/PP,1049,PENDING_REVIEW
822138084-4,122138084-4,LITTLE G6,BEIGE/BLACK/L.BLUE,SHOES,LIFESTYLE,MESH/SYNTHETIC LEATHER/PP,1049,PENDING_REVIEW
822138084-5,122138084-5,LITTLE G6,GRAY,SHOES,LIFESTYLE,MESH/SYNTHETIC LEATHER/PP,1049,PENDING_REVIEW
822138800-1,122138800-1,RUBIK'S CUBE,GRAY/BEIGE,SHOES,LIFESTYLE,MESH/SYNTHETIC LEATHER/PP,1049,PENDING_REVIEW
822138800-2,122138800-2,RUBIK'S CUBE,BEIGE/GRAY/PURPLE,SHOES,LIFESTYLE,MESH/SYNTHETIC LEATHER/PP,1049,PENDING_REVIEW
822138800-3,122138800-3,RUBIK'S CUBE,BEIGE/L.SLVR GRY/BLU,SHOES,LIFESTYLE,MESH/SYNTHETIC LEATHER/PP,1049,PENDING_REVIEW
822138800-4,122138800-4,RUBIK'S CUBE,BEIGE/ORANGE/MNT BLU,SHOES,LIFESTYLE,MESH/SYNTHETIC LEATHER/PP,1049,PENDING_REVIEW
822138811-4,122138811-4,MIX3.0,BEIGE/ORANGE/MNT BLU,SHOES,LIFESTYLE,MESH/SYNTHETIC LEATHER/TPU,1299,PENDING_REVIEW
822138812-1,122138812-1,MIX3.0,BEIGE/L.GRAY,SHOES,LIFESTYLE,MESH/SYNTHE PU/PP/COW SUEDE,1049,PENDING_REVIEW
822138812-2,122138812-2,MIX3.0,BEIGE/GREEN/PURPLE,SHOES,LIFESTYLE,MESH/SYNTHE PU/PP/COW SUEDE,1049,PENDING_REVIEW
822138812-3,122138812-3,MIX3.0,GRAY,SHOES,LIFESTYLE,MESH/SYNTHE PU/PP/COW SUEDE,1049,PENDING_REVIEW
822138812-5,122138812-5,MIX3.0,BEIGE/L.GRAY/GREEN,SHOES,LIFESTYLE,MESH/SYNTHE PU/PP/COW SUEDE,1049,PENDING_REVIEW
822138840-1,122138840-1,FASHION,BEIGE,SHOES,LIFESTYLE,MESH/SYNTHETIC LEATHER/PP,949,PENDING_REVIEW
822138840-2,122138840-2,FASHION,PINK,SHOES,LIFESTYLE,MESH/SYNTHETIC LEATHER/PP,949,PENDING_REVIEW
822138840-4,122138840-4,FASHION,BLACK/BEIGE,SHOES,LIFESTYLE,MESH/SYNTHETIC LEATHER/PP,949,PENDING_REVIEW
822138840-5,122138840-5,FASHION,BLACK,SHOES,LIFESTYLE,MESH/SYNTHETIC LEATHER/PP,949,PENDING_REVIEW
822138840-6,122138840-6,FASHION,BLACK/BEIGE,SHOES,LIFESTYLE,SYNTHETIC LEATHER/MESH,949,PENDING_REVIEW
822138840-7,122138840-7,FASHION,GRAY/BEIGE,SHOES,LIFESTYLE,SYNTHETIC LEATHER/MESH,949,PENDING_REVIEW
822138841-3,122138841-3,FASHION,BLACK,SHOES,LIFESTYLE,MESH/SYNTHE PU/SUEDE SPLIT/TPU,1149,PENDING_REVIEW
822138850-3,122138850-3,91CLASSIC,BLACK/BEIGE,SHOES,LIFESTYLE,MESH/SYNTHE PU/COW SUEDE,949,PENDING_REVIEW
822138860-3,122138860-3,LTTLE FASHION WRSHIP,GRAY/BEIGE/SEA PINK,SHOES,LIFESTYLE,MESH/SYNTHETIC LEATHER/TPU/PP,799,PENDING_REVIEW
822138862-2,122138862-2,DANCE BATTLE1.0,BEIGE/GRAY/WINE RED,SHOES,LIFESTYLE,MESH/SYNTHETIC LEATHER,699,PENDING_REVIEW
822138862-3,122138862-3,DANCE BATTLE1.0,BEIGE/BLACK,SHOES,LIFESTYLE,MESH/SYNTHETIC LEATHER,699,PENDING_REVIEW
822138887-2,122138887-2,BUNNY,YELLOW/BLACK,SHOES,LIFESTYLE,MESH,899,PENDING_REVIEW
822138887-3,122138887-3,BUNNY,BEIGE/BLUE/GREEN,SHOES,LIFESTYLE,SYNTHETIC LEATHER/MESH,899,PENDING_REVIEW
822138887-4,122138887-4,BUNNY,BLACK/BEIGE/GRAY,SHOES,LIFESTYLE,SYNTHETIC LEATHER/MESH,899,PENDING_REVIEW
822148066-4,122148066-4,THICK SOLE,BLACK/BEIGE,SHOES,LIFESTYLE,SYNTHE PU/MESH,799,PENDING_REVIEW
822148088-2,122148088-2,ROARING FLAME2.0,BEIGE/GRAY/RED,SHOES,LIFESTYLE,SYNTHE PU/MESH/TPU,1149,PENDING_REVIEW
822148089-2,122148089-2,,WHITE/BLACK,SHOES,LIFESTYLE,SYNTHETIC LEATHER/MESH,1049,PENDING_REVIEW
822148851-1,122148851-1,AT91,WHITE,SHOES,LIFESTYLE,MESH/PP FILM/SYNTHE PU,1849,PENDING_REVIEW
822218050-1,122218050-1,STREET FASHION,GREY/IVORY WHITE,SHOES,LIFESTYLE,COWTOPLAYER/SYNTHEPU/MESH,1349,PENDING_REVIEW
822218050-2,122218050-2,STREET FASHION,CHMPGNE YELLOW/ WHT,SHOES,LIFESTYLE,COW SUEDE/SYNTHE PU/MESH,1349,PENDING_REVIEW
822218050-4,122218050-4,STREET FASHION,WHT/BLK/YLLW/VLT,SHOES,LIFESTYLE,COW SUEDE/SYNTHE PU/MESH,1349,PENDING_REVIEW
822218052-2,122218052-2,STREET FASHION,IVORY WHITE/GREY,SHOES,LIFESTYLE,COWTOPLAYER/SYNTHEPU/MESH,1449,PENDING_REVIEW
822218052-3,122218052-3,STREET FASHION,GRY FOG BLU/ WHT/BLK,SHOES,LIFESTYLE,COW SUEDE/COWTOPLAYER/SYNTHEPU,1449,PENDING_REVIEW
822218052-4,122218052-4,STREET FASHION,WHT/BRGHT BLU/BLU,SHOES,LIFESTYLE,COW SUEDE/COWTOPLAYER/SYNTHEPU,1449,PENDING_REVIEW
822218072-2,122218072-2,AT91,WHITE/BLACK,SHOES,LIFESTYLE,MESH/PP/TPU,1149,PENDING_REVIEW
822218072-3,122218072-3,AT91,WHT/MAGIC CRPT GRY,SHOES,LIFESTYLE,MESH/PP/TPU,1149,PENDING_REVIEW
822218072-5,122218072-5,AT91,SILVER,SHOES,LIFESTYLE,MESH/PP/TPU,1349,PENDING_REVIEW
822218082-1,122218082-1,G6 2.0,IVORY WHITE/GREY,SHOES,LIFESTYLE,MESH/SYNTHETIC LEATHER/TPU,1349,PENDING_REVIEW
822218082-2,122218082-2,G6 2.0,WHITE/BLACK,SHOES,LIFESTYLE,MESH/SYNTHETIC LEATHER/TPU,1349,PENDING_REVIEW
822218082-5,122218082-5,G6 2.0,BLK/BLU/SKIN PINK,SHOES,LIFESTYLE,MESH/SYNTHETIC LEATHER/TPU,1349,PENDING_REVIEW
822218083-1,122218083-1,LITTLE G6 2.0,IVORY WHITE/GREY,SHOES,LIFESTYLE,MESH/SYNTHE PU/TPU/PP,1149,PENDING_REVIEW
822218083-2,122218083-2,LITTLE G6 2.0,WHT/LILAC GRY/GRN,SHOES,LIFESTYLE,MESH/SYNTHE PU/TPU/PP,1149,PENDING_REVIEW
822218084-1,122218084-1,BADAO 3.0,WHT/SEDMENT GRY/GRY,SHOES,LIFESTYLE,MESH/SYNTHE PU/PP/TPU,1449,PENDING_REVIEW
822218084-2,122218084-2,BADAO 3.0,BLACK/IVORY WHITE,SHOES,LIFESTYLE,MESH/SYNTHE PU/PP/TPU,1449,PENDING_REVIEW
822218084-4,122218084-4,BADAO 3.0,LTS RT GRY/ WHT/GRY,SHOES,LIFESTYLE,MESH/SYNTHE PU/PP/TPU,1449,PENDING_REVIEW
822218084-5,122218084-5,BADAO 3.0,BLK/MIRAGE BLU/VLT,SHOES,LIFESTYLE,MESH/SYNTHE PU/PP/TPU,1449,PENDING_REVIEW
822218084-8,122218084-8,BADAO 3.0,WHT/GRY BLU/GRN,SHOES,LIFESTYLE,MESH/SYNTHE PU/PP/TPU,1598.9999999999998,PENDING_REVIEW
822218812-1,122218812-1,MIX 4.0,IRN MN GRY/SDMNT GRY,SHOES,LIFESTYLE,SYNTHEPU/MESH/COW SUEDE,1149,PENDING_REVIEW
822218812-3,122218812-3,MIX 4.0,WHT/YLLW/HAZE VLT,SHOES,LIFESTYLE,SYNTHEPU/MESH/COW SUEDE,1149,PENDING_REVIEW
822218812-4,122218812-4,MIX 4.0,GREY/IVORY WHITE,SHOES,LIFESTYLE,SYNTHETIC LEATHER/MESH,1149,PENDING_REVIEW
822218812-5,122218812-5,MIX 4.0,IVORY WHITE/FARINA,SHOES,LIFESTYLE,SYNTHEPU/MESH/COW SUEDE,1149,PENDING_REVIEW
822218840-1,122218840-1,FASHION WORSHIP 2.0,LIGHT SILVER GREY,SHOES,LIFESTYLE,PP/MESH,1049,PENDING_REVIEW
822218840-2,122218840-2,FASHION WORSHIP 2.0,BLACK,SHOES,LIFESTYLE,PP/MESH,1049,PENDING_REVIEW
822218840-3,122218840-3,FASHION WORSHIP 2.0,WHT/SEDIMENT GRY/GRY,SHOES,LIFESTYLE,PP/MESH,1049,PENDING_REVIEW
822218840-4,122218840-4,FASHION WORSHIP 2.0,SKIN PINK,SHOES,LIFESTYLE,PP/MESH,1049,PENDING_REVIEW
822218871-4,122218871-4,NEST 2.0,WHT/YLLW/HAZE VLT,SHOES,LIFESTYLE,MESH/SYNTHETIC LEATHER/PP,1349,PENDING_REVIEW
822218885-1,122218885-1,BUNNY 4.0,SDMNT GRY/WHT/WHTPNK,SHOES,LIFESTYLE,MESH/SYNTHETIC LEATHER/PP/TPU,1049,PENDING_REVIEW
822218885-2,122218885-2,BUNNY 4.0,BLACK/IVORY WHITE,SHOES,LIFESTYLE,MESH/SYNTHETIC LEATHER/PP/TPU,1049,PENDING_REVIEW
822218885-3,122218885-3,BUNNY 4.0,SEDIMENT GREY/SILVER,SHOES,LIFESTYLE,MESH/SYNTHETIC LEATHER/PP/TPU,1049,PENDING_REVIEW
822218885-4,122218885-4,BUNNY 4.0,WHT/BLK/LOTUS ORNG,SHOES,LIFESTYLE,MESH/SYNTHETIC LEATHER/PP/TPU,1049,PENDING_REVIEW
822245523-12,122245523-12,KEEP MOVING,BEIGE/MIRAGE BLUE,SHOES,RUNNING,SYNTHETIC LEATHER/MESH,1149,PENDING_REVIEW
822245523-2,122245523-2,KEEP MOVING,BLACK/ORANGE,SHOES,RUNNING,SYNTHETIC LEATHER/MESH,1149,PENDING_REVIEW
822245523-5,122245523-5,KEEP MOVING,BLK/DUST PURPLE/GREY,SHOES,RUNNING,SYNTHETIC LEATHER/MESH,1149,PENDING_REVIEW
822247715-2,122247715-2,BASIC WALKING,GREY/BEIGE,SHOES,CROSS TRAINING,MESH/SYNTHETIC LEATHER,849,PENDING_REVIEW
822247715-5,122247715-5,BASIC WALKING,BEIGE/L.GREY,SHOES,CROSS TRAINING,SYNTHE PU/MESH/PP/TPU,849,PENDING_REVIEW
822247756-3,122247756-3,DANCE,BEIGE,SHOES,CROSS TRAINING,SYNTHETIC LEATHER/MESH,1149,PENDING_REVIEW
822247756-4,122247756-4,DANCE,BLACK,SHOES,CROSS TRAINING,MESH/PP,1149,PENDING_REVIEW
822247789-1,122247789-1,AS STEADY AS MNT TAI,BEIGE/FOG BLUE,SHOES,CROSS TRAINING,MESH/PP/SYNTHETIC LEATHER,1349,PENDING_REVIEW
822248053-4,122248053-4,SOARING,L.BRWN/L.BGE/BRWN,SHOES,LIFESTYLE,SYNTHETICLEATHER/COWSUEDE/MESH,1549,PENDING_REVIEW
822248053-6,122248053-6,SOARING,BEIGE/GREY,SHOES,LIFESTYLE,SYNTHETICLEATHER/COWSUEDE/MESH,1549,PENDING_REVIEW
822248088-2,122248088-2,ROARING FLAME 3.0,BEIGE/BLACK/GREY,SHOES,LIFESTYLE,SYNTHETIC LEATHER/MESH,1249,PENDING_REVIEW
822248088-5,122248088-5,ROARING FLAME 3.0,BGE/KHKI/MLK BRWN,SHOES,LIFESTYLE,MESH/SYNTHETIC LEATHER,1249,PENDING_REVIEW
822248088-6,122248088-6,ROARING FLAME 3.0,BEIGE/GREEN,SHOES,LIFESTYLE,SYNTHETIC LEATHER/MESH,1249,PENDING_REVIEW
822248088-7,122248088-7,ROARING FLAME 3.0,WHITE/BLACK,SHOES,LIFESTYLE,SYNTHETIC LEATHER/MESH,1549,PENDING_REVIEW
822248089-1,122248089-1,ROARING FLME 3.0 LOW,BEIGE/L.GREEN,SHOES,LIFESTYLE,SYNTHETIC LEATHER/MESH,1149,PENDING_REVIEW
822248089-2,122248089-2,ROARING FLME 3.0 LOW,GREY/BLACK/BEIGE,SHOES,LIFESTYLE,SYNTHETIC LEATHER/MESH,1149,PENDING_REVIEW
822248089-3,122248089-3,ROARING FLME 3.0 LOW,BEIGE,SHOES,LIFESTYLE,SYNTHETIC LEATHER/MESH,1149,PENDING_REVIEW
822248871-3,122248871-3,HERITAGE 80,GRY/LOTUS ROOT GRY,SHOES,LIFESTYLE,MESH/SYNTHE PU/COW SUEDE,1149,PENDING_REVIEW
822248871-4,122248871-4,HERITAGE 80,STONE BRWN/MLK BRWN,SHOES,LIFESTYLE,MESH/SYNTHE PU/COW SUEDE,1149,PENDING_REVIEW
822248871-5,122248871-5,HERITAGE 80,BLACK/KOALA GREY,SHOES,LIFESTYLE,MESH/SYNTHE PU/COW SUEDE,1149,PENDING_REVIEW
822248877-1,122248877-1,HERITAGE 80S,GRY/IRON MAN GRY/BGE,SHOES,LIFESTYLE,MESH/COW SUEDE/SYNTHE PU,1399,PENDING_REVIEW
822248890-4,122248890-4,MILLENNIUM 5.0,BGE/WHEAT KHKI/L.GRN,SHOES,LIFESTYLE,MESH/SYNTHE PU/COW SUEDE,1349,PENDING_REVIEW
822258891-1,122258891-1,,BEIGE/GREEN,SHOES,LIFESTYLE,MESH/SYNTHETIC LEATHER,899,PENDING_REVIEW
822258891-2,122258891-2,,GREY/BEIGE,SHOES,LIFESTYLE,MESH/SYNTHETIC LEATHER,899,PENDING_REVIEW
822258891-3,122258891-3,,BLACK/L.BEIGE,SHOES,LIFESTYLE,MESH/SYNTHETIC LEATHER,899,PENDING_REVIEW
822258891-4,122258891-4,,BLACK,SHOES,LIFESTYLE,MESH/SYNTHETIC LEATHER,899,PENDING_REVIEW
82828863-4,12828863-4,,PINK/WHITE,SHOES,LIFESTYLE,SYNTHETIC LEATHER/MESH,899,PENDING_REVIEW
82835566-1,12835566-1,,BLACK/WHITE/SILVER,SHOES,RUNNING,MESH,1349,PENDING_REVIEW
82925542-2,12925542-2,,D.BLUE/WHITE/PINK,SHOES,RUNNING,MESH,1099,PENDING_REVIEW
82925542-3,12925542-3,,BLUE/WHITE,SHOES,RUNNING,MESH,1099,PENDING_REVIEW
82925542-4,12925542-4,,PINK/WHITE/PINK,SHOES,RUNNING,MESH,1099,PENDING_REVIEW
82925553-8,12925553-8,,BLACK/ORNG/SEA BLU,SHOES,RUNNING,SYNTHETIC LEATHER/MESH,1349,PENDING_REVIEW
82925588-11,12925588-11,,BLUE/SILVER/WHITE,SHOES,RUNNING,SYNTHETIC LEATHER/MESH,1499,PENDING_REVIEW
82925588-5,12925588-5,,PINK/L.PINK/WHITE,SHOES,RUNNING,SYNTHETIC LEATHER/MESH,1499,PENDING_REVIEW
82925588-7,12925588-7,,WHITE/ORANGE,SHOES,RUNNING,SYNTHETIC LEATHER/MESH,1499,PENDING_REVIEW
82925589-1,12925589-1,,WHITE/BLUE/ORANGE,SHOES,RUNNING,COW ACTION LEATHER/MESH,1349,PENDING_REVIEW
82925589-3,12925589-3,,BLACK/WHITE/ICE BLUE,SHOES,RUNNING,COW ACTION LEATHER/MESH,1349,PENDING_REVIEW
82926906-2,12926906-2,,BLACK/WHITE,SHOES,OUTDOOR,MESH/SYNTHETIC LEATHER,699,PENDING_REVIEW
82926906-4,12926906-4,,PINK/L.PINK,SHOES,OUTDOOR,MESH/SYNTHETIC LEATHER,699,PENDING_REVIEW
82926915-1,12926915-1,,BLACK/CHARCOAL GRAY,SHOES,OUTDOOR,MESH,599,PENDING_REVIEW
82926915-5,12926915-5,,BLACK/D.RED/D.GRAY,SHOES,OUTDOOR,MESH,599,PENDING_REVIEW
82927713-1,12927713-1,,BLACK/PINK/WHITE,SHOES,CROSS TRAINING,MESH,899,PENDING_REVIEW
82927755-1,12927755-1,,BLACK/GOLD,SHOES,CROSS TRAINING,MESH/SYNTHETIC LEATHER,849,PENDING_REVIEW
82927755-2,12927755-2,,WHITE/L.FOG GRAY,SHOES,CROSS TRAINING,MESH/SYNTHETIC LEATHER,849,PENDING_REVIEW
82927756-2,12927756-2,,WHITE/L.GREEN,SHOES,CROSS TRAINING,MESH/SYNTHETIC LEATHER,849,PENDING_REVIEW
82927756-3,12927756-3,,PINK/WHITE,SHOES,CROSS TRAINING,MESH/SYNTHETIC LEATHER,849,PENDING_REVIEW
82927788-5,12927788-5,CITYWIDE TRAINING,PINK/WHITE,SHOES,CROSS TRAINING,MESH/SYNTHETIC LEATHER,1099,PENDING_REVIEW
82928088-1,12928088-1,,BLACK/PINK/WHITE,SHOES,LIFESTYLE,MESH/SYNTHETIC LEATHER/COW ACTION LEATHER,1249,PENDING_REVIEW
82928812-2,12928812-2,,BLACK/PINK/WHITE,SHOES,LIFESTYLE,MESH/SYNTHETIC LEATHER,998.9999999999999,PENDING_REVIEW
82928812-3,12928812-3,,PINK/PINK/WHITE,SHOES,LIFESTYLE,MESH/COW ACTION SUEDE,998.9999999999999,PENDING_REVIEW
82935501-1,12935501-1,,BLK/RED/CHRCOAL GRY,SHOES,RUNNING,MESH/TPU,1349,PENDING_REVIEW
82935515-4,12935515-4,,PINK/RED/WHITE,SHOES,RUNNING,MESH/SYNTHETIC LEATHER,998.9999999999999,PENDING_REVIEW
82935551-5,12935551-5,,PINK/BLACK/WHITE,SHOES,RUNNING,MESH/SYNTHETIC LEATHER,1249,PENDING_REVIEW
82935565-4,12935565-4,,BLACK/L.PINK/WHITE,SHOES,RUNNING,MESH/SYNTHETIC LEATHER,998.9999999999999,PENDING_REVIEW
82935567-2,12935567-2,,INFANT PINK,SHOES,RUNNING,MESH/SYNTHETIC LEATHER,849,PENDING_REVIEW
82935567-5,12935567-5,,BLACK/D.RED,SHOES,RUNNING,MESH/SYNTHETIC LEATHER,849,PENDING_REVIEW
82935582-1,12935582-1,,BLACK/WHITE,SHOES,RUNNING,MESH/SYNTHETIC LEATHER,998.9999999999999,PENDING_REVIEW
82935582-3,12935582-3,,PNK/INFANT PNK/WHT,SHOES,RUNNING,MESH/SYNTHETIC LEATHER,998.9999999999999,PENDING_REVIEW
82937718-1,12937718-1,,BLACK/D.GRAY/WHITE,SHOES,CROSS TRAINING,MESH,998.9999999999999,PENDING_REVIEW
82937718-5,12937718-5,,PINK/WHITE,SHOES,CROSS TRAINING,MESH,998.9999999999999,PENDING_REVIEW
82937757-1,12937757-1,,BLACK,SHOES,CROSS TRAINING,MESH,849,PENDING_REVIEW
82937757-2,12937757-2,,WHITE/GOLD,SHOES,CROSS TRAINING,MESH,849,PENDING_REVIEW
82937757-3,12937757-3,,INFANT PINK,SHOES,CROSS TRAINING,MESH,849,PENDING_REVIEW
82938088-3,12938088-3,,BEIGE/L.BLUE,SHOES,LIFESTYLE,MESH/SYNTHETIC LEATHER,1199,PENDING_REVIEW
82938840-1,12938840-1,91CLOUD,BLACK/PINK/WHITE,SHOES,LIFESTYLE,MESH,749,PENDING_REVIEW
82938840-2,12938840-2,91CLOUD,WHITE/BLACK,SHOES,LIFESTYLE,MESH,749,PENDING_REVIEW
82938840-3,12938840-3,91CLOUD,INFANT PNK/BRWN/WHT,SHOES,LIFESTYLE,MESH,749,PENDING_REVIEW
82938840-4,12938840-4,91CLOUD,GREEN/PINK/WHITE,SHOES,LIFESTYLE,MESH,749,PENDING_REVIEW
82938845-1,12938845-1,91CLOUD,BLACK/WHITE,SHOES,LIFESTYLE,SYNTHETIC LEATHER/MESH,849,PENDING_REVIEW
82938845-2,12938845-2,91CLOUD,WHITE/BLACK,SHOES,LIFESTYLE,SYNTHETIC LEATHER/MESH,849,PENDING_REVIEW
82938883-1,12938883-1,ELEVATOR SHOE,BLACK/WHITE,SHOES,LIFESTYLE,SYNTHETIC LEATHER/MESH,949,PENDING_REVIEW
82938883-2,12938883-2,ELEVATOR SHOE,WHITE/GRAY,SHOES,LIFESTYLE,SYNTHETIC LEATHER/MESH,949,PENDING_REVIEW
82938883-3,12938883-3,ELEVATOR SHOE,INFANT PINK/GOLD,SHOES,LIFESTYLE,SYNTHETIC LEATHER/MESH,949,PENDING_REVIEW
82945555-1,12945555-1,,BLACK/CHARCOAL GRAY/RED,SHOES,RUNNING,MESH/SYNTHETIC LEATHER,899,PENDING_REVIEW
82945555-3,12945555-3,,GRAY/L.PINK/WHITE,SHOES,RUNNING,MESH/SYNTHETIC LEATHER,899,PENDING_REVIEW
82946606-2,12946606-2,OUTDOOR TRENDY,WHITE/BLACK/PURPLE,SHOES,OUTDOOR,MESH/SYNTHETIC LEATHER,1549,PENDING_REVIEW
82947715-5,12947715-5,JOGGING,BLACK/SILVER,SHOES,CROSS TRAINING,MESH/SYNTHETIC LEATHER,749,PENDING_REVIEW
82947758-1,12947758-1,DANCE,BLACK/GOLD/WHITE,SHOES,CROSS TRAINING,SYNTHETIC LEATHER/MESH,749,PENDING_REVIEW
82947759-1,12947759-1,DANCE,BLACK,SHOES,CROSS TRAINING,MESH/SYNTHETIC LEATHER,799,PENDING_REVIEW
82947759-2,12947759-2,DANCE,WHITE/GOLD,SHOES,CROSS TRAINING,MESH/SYNTHETIC LEATHER,799,PENDING_REVIEW
852037113-2,152037113-2,,CLOUDY GREYHTHR GRY,CLOTHING,T-SHIRT,FABRIC 100%POLYESTER,349,PENDING_REVIEW
852037113-3,152037113-3,,DEEP BLUE,CLOTHING,T-SHIRT,FABRIC 100%POLYESTER,349,PENDING_REVIEW
852037113-4,152037113-4,,BASIC BLACKHTHR GRY,CLOTHING,T-SHIRT,FABRIC 100%POLYESTER,349,PENDING_REVIEW
852037126-1,152037126-1,,PURE WHITE,CLOTHING,T-SHIRT,FABRIC 92%COTTON8%SPANDEX,349,PENDING_REVIEW
852037126-3,152037126-3,,BASIC BLACK,CLOTHING,T-SHIRT,FABRIC 92%COTTON8%SPANDEX,349,PENDING_REVIEW
852038609-5,152038609-5,,BLUE/ORANGE/WHITE,CLOTHING,TRACK TOP,FABRIC A 100%POLYAMIDE FABRIC B 100%POLYESTER LINER 100%POLYESTER,899,PENDING_REVIEW
852038742-1,152038742-1,,SPARK ORANGE,CLOTHING,T-SHIRT,FABRIC 46%POLYESTER45%COTTON9%SPANDEX RIBá 76%COTTON21%POLYESTER3%SPANDEX,749,PENDING_REVIEW
852131115-2,152131115-2,SHOCK THE GAME,BASIC BLACK,CLOTHING,VEST,FABRIC EXTERIOR 100%POLYESTER LINING 100%POLYESTER,549,PENDING_REVIEW
852131118-2,152131118-2,SHOCK THE GAME,BASIC BLACK,CLOTHING,VEST,FABRIC 100%COTTON,599,PENDING_REVIEW
852131121-1,152131121-1,SHOCK THE GAME,PURE WHITE,CLOTHING,T-SHIRT,FABRIC 70%COTTON30%POLYESTER,449,PENDING_REVIEW
852131127-2,152131127-2,TRANSFORMATION,BASIC BLACK,CLOTHING,T-SHIRT,FABRIC 56%MODAL44%POLYESTER,599,PENDING_REVIEW
852131132-2,152131132-2,SHOCK THE GAME,BASIC BLACK,CLOTHING,T-SHIRT,FABRIC 79%COTTON21%POLYESTER,449,PENDING_REVIEW
852131214-3,152131214-3,SHOCK THE GAME,LUMINESCENT GREEN,CLOTHING,SHORTS,FABRIC 100%POLYESTER LINER/POCKET FABRIC 100%POLYESTER,599,PENDING_REVIEW
852131405-3,152131405-3,SHOCK THE GAME,BASIC BLACK,CLOTHING,T-SHIRT,BODY 77%COTTON23%POLYESTER LONG SLEEVE 73%COTTON27%POLYESTER,599,PENDING_REVIEW
852131607-1,152131607-1,SHOCK THE GAME,PURE WHITE/BLACK,CLOTHING,TRACK TOP,FABRIC NON WHITE 100%POLYAMIDE WHITE 100%POLYESTER LINER 100%POLYESTER,1149,PENDING_REVIEW
852131607-3,152131607-3,SHOCK THE GAME,LUMINESCENT GREEN/BASIC BLACK,CLOTHING,TRACK TOP,FABRIC NON WHITE 100%POLYAMIDE WHITE 100%POLYESTER LINER 100%POLYESTER,1149,PENDING_REVIEW
852131609-3,152131609-3,WILDWATER,BLACK/KOALA GREY,CLOTHING,TRACK TOP,FABRIC 100%POLYESTER LINER 100%POLYESTER,1149,PENDING_REVIEW
852131710-1,152131710-1,TRANSFORMATION,OAK RED,CLOTHING,SWEAT SHIRT,FABRIC 55%COTTON45%POLYESTER RIBá 60%COTTON35%POLYESTER5%SPANDEX,1049,PENDING_REVIEW
852131710-2,152131710-2,TRANSFORMATION,SEA FOG BLUE,CLOTHING,SWEAT SHIRT,FABRIC 55%COTTON45%POLYESTER RIBá 60%COTTON35%POLYESTER5%SPANDEX,1049,PENDING_REVIEW
852131720-1,152131720-1,SHOCK THE GAME,BC17 HEATHER GREY,CLOTHING,TRACK TOP,FABRIC 55%COTTON45%POLYESTER(CONTAIN TRACES OF OTHER FIBERS),1049,PENDING_REVIEW
852131720-2,152131720-2,SHOCK THE GAME,BASIC BLACK,CLOTHING,TRACK TOP,FABRIC 55%COTTON45%POLYESTER,1049,PENDING_REVIEW
852131723-2,152131723-2,TRANSFORMATION,BASIC BLACK,CLOTHING,TRACK TOP,BODY 82%COTTON18%POLYESTER PANEL 100%POLYAMIDE RIBá 60%COTTON35%POLYESTER5%SPANDEX,1249,PENDING_REVIEW
852135106-3,152135106-3,C100,BLUE,CLOTHING,T-SHIRT,FABRIC 100%POLYESTER,349,PENDING_REVIEW
852135603-1,152135603-1,C100,BLUE,CLOTHING,TRACK TOP,FABRIC 83%POLYESTER17%SPANDEX POCKET FABRIC:100%POLYESTER,949,PENDING_REVIEW
852135603-3,152135603-3,C100,CANDLE ASH GREY,CLOTHING,TRACK TOP,FABRIC 83%POLYESTER17%SPANDEX POCKET FABRIC:100%POLYESTER,949,PENDING_REVIEW
852135604-1,152135604-1,C100,BLUE,CLOTHING,TRACK TOP,FABRIC 100%POLYESTER,899,PENDING_REVIEW
852135604-2,152135604-2,C100,BASIC BLACK,CLOTHING,TRACK TOP,FABRIC 100%POLYESTER,899,PENDING_REVIEW
852135701-1,152135701-1,C100,BLUE,CLOTHING,TRACK TOP,BODY 76%POLYAMIDE24%SPANDEX PANEL 96%POLYESTER4%SPANDEX,799,PENDING_REVIEW
852135701-2,152135701-2,C100,BASIC BLACK,CLOTHING,TRACK TOP,BODY 76%POLYAMIDE24%SPANDEX PANEL 96%POLYESTER4%SPANDEX,799,PENDING_REVIEW
852137126-1,152137126-1,AEH,PURE WHITE,CLOTHING,T-SHIRT,FABRIC 50%RAYON42%POLYAMIDE8%SPANDEX,599,PENDING_REVIEW
852137705-2,152137705-2,AEH,DEEP BLUE,CLOTHING,TRACK TOP,FABRIC 100%POLYESTER POCKET FABRIC 100%POLYESTER,1149,PENDING_REVIEW
852137705-3,152137705-3,AEH,BASIC BLACK,CLOTHING,TRACK TOP,FABRIC 100%POLYESTER POCKET FABRIC 100%POLYESTER,1149,PENDING_REVIEW
852137707-3,152137707-3,BASIC TRAINING,VISTA BLUE,CLOTHING,HOODIES,FABRIC 55%COTTON45%POLYESTER,799,PENDING_REVIEW
852137707-4,152137707-4,BASIC TRAINING,BASIC BLACK,CLOTHING,HOODIES,FABRIC 55%COTTON45%POLYESTER,799,PENDING_REVIEW
852137711-3,152137711-3,BASIC TRAINING,H185R HEATHER GREY,CLOTHING,TRACK TOP,FABRIC 52%COTTON48%POLYESTER(CONTAIN TRACES OF OTHER FIBERS),899,PENDING_REVIEW
852138101-4,152138101-4,SUMMER SURFING,BASIC BLACK,CLOTHING,T-SHIRT,FABRIC 60%COTTON40%POLYAMIDE,449,PENDING_REVIEW
852138119-2,152138119-2,LIFESTYLE,BASIC BLACK,CLOTHING,T-SHIRT,FABRIC 65%COTTON35%POLYESTER,549,PENDING_REVIEW
852138401-2,152138401-2,SUMMER SURFING,BASIC BLACK,CLOTHING,T-SHIRT,FABRIC 56%COTTON44%POLYESTER,599,PENDING_REVIEW
852138722-1,152138722-1,SUMMER SURFING,GREY SUIT,CLOTHING,HOODIES,FABRIC 74%COTTON26%POLYESTER,949,PENDING_REVIEW
852241738S-4,152241738S-4,LET'S ROCK IT,BASIC BLACK,CLOTHING,SWEAT SHIRT,55%COTTON45%POLYESTER RIB 60%COTTON35%POLYESTER5%ELASTANE,949,PENDING_REVIEW
852321157-2,152321157-2,PRO,GREY,CLOTHING,JERSEY,FABRIC 100%POLYESTER,349,PENDING_REVIEW
852321223-1,152321223-1,PRO,GREY,CLOTHING,GAME SUIT,TOPS FABRIC 100%POLYESTER BOTTOMS FABRIC 100%POLYESTER,498.99999999999994,PENDING_REVIEW
852321223-3,152321223-3,PRO,GREY,CLOTHING,GAME SUIT,TOPS FABRIC 100%POLYESTER BOTTOMS FABRIC 100%POLYESTER,498.99999999999994,PENDING_REVIEW
852321223-4,152321223-4,PRO,GREY,CLOTHING,GAME SUIT,TOPS FABRIC 100%POLYESTER BOTTOMS FABRIC 100%POLYESTER,498.99999999999994,PENDING_REVIEW
85731202-3,15731202-3,,BLUE SILK,CLOTHING,GAME SUIT,100% POLYESTER,449,PENDING_REVIEW
85737618-2,15737618-2,,BASIC BLACK,CLOTHING,TRACK TOP,100% NYLON,1049,PENDING_REVIEW
85745430-2,15745430-2,,RED[HEATHER GREY],CLOTHING,T-SHIRT,84%POLYESTER 16%SPANDEX,599,PENDING_REVIEW
85745430-3,15745430-3,,DUCK BLUE[HEATHER GREY],CLOTHING,T-SHIRT,84%POLYESTER 16%SPANDEX,599,PENDING_REVIEW
85841709-3,15841709-3,,B5571HEATHER PURPLE,CLOTHING,HOODIES,68%COTTON 32%POLYESTER,998.9999999999999,PENDING_REVIEW
85921150-3,15921150-3,KT,BLUE,CLOTHING,T-SHIRT,79%COTTON17%POLYAMIDE4%SPANDEX,449,PENDING_REVIEW
85921180-2,15921180-2,,BASIC BLACK,CLOTHING,T-SHIRT,92%COTTON 8%SPANDEX,399,PENDING_REVIEW
85937746-3,15937746-3,KM,BASIC BLACK,CLOTHING,PANT,58%COTTON42%POLYESTER,849,PENDING_REVIEW
862035112-7,162035112-7,PROFESSIONAL RUNNING,PURPLE,CLOTHING,T-SHIRT,BODY 89%POLYAMIDE11%SPANDEX PANEL 94%POLYAMIDE6%SPANDEX,649,PENDING_REVIEW
862037110-2,162037110-2,,BASIC BLACK,CLOTHING,BRA,BODY 81%POLYESTER19%SPANDEX PANEL/LINER MESH 85%POLYAMIDE15%SPANDEX CUP FABRIC 100%POLYESTER,599,PENDING_REVIEW
862038727-1,162038727-1,,PAPYRUS WHITE,CLOTHING,T-SHIRT,FABRIC 94%COTTON6%POLYESTER RIBá 60%COTTON35%POLYESTER5%SPANDEX,649,PENDING_REVIEW
862137102-1,162137102-1,CROSS TRAINING,BASIC BLACK,CLOTHING,TANK,FABRIC 55%POLYAMIDE45%SPANDEX LINER MESH 85%POLYAMIDE15%SPANDEXCUP FBRC 100%PLYSTR RBN EXCLD,599,PENDING_REVIEW
862137102-2,162137102-2,CROSS TRAINING,CONSTELLATION BLUE,CLOTHING,TANK,FABRIC 55%POLYAMIDE45%SPANDEX LINER MESH 85%POLYAMIDE15%SPANDEXCUP FBRC 100%PLYSTR RBN EXCLD,599,PENDING_REVIEW
862137104-3,162137104-3,CROSS TRAINING,BASIC BLACK,CLOTHING,TANK,FRONT/SHOULDER STRAP 72%POLYAMIDE28%SPANDEX BACK 75%POLYMD25%SPNDX LNR72%PLYAMD28%SPNDX,449,PENDING_REVIEW
862137109-4,162137109-4,CROSS TRAINING,BASIC BLACK,CLOTHING,TANK,FABRIC 55%PLYMD45%SPNDX LINER:DBL FCD CLTH 55%PLYMID45%SPNDX MSH 85%PLYMID 15%SPNDX RIBBON EXE,699,PENDING_REVIEW
862137704-1,162137704-1,BASIC TRAINING,WHITE,CLOTHING,HOODIES,FABRIC 84%COTTON9%POLYESTER7%SPANDEX,899,PENDING_REVIEW
862137704-2,162137704-2,BASIC TRAINING,PINK,CLOTHING,HOODIES,FABRIC 84%COTTON9%POLYESTER7%SPANDEX,899,PENDING_REVIEW
862138112-1,162138112-1,SUMMER SURFING,PURE WHITE,CLOTHING,T-SHIRT,FABRIC 65%COTTON35%POLYESTER,399,PENDING_REVIEW
862138701-1,162138701-1,SUMMER SURFING,BASIC BLACK,CLOTHING,HOODIES,FABRIC 74%COTTON26%POLYESTER,899,PENDING_REVIEW
862138701-2,162138701-2,SUMMER SURFING,CRANBERRY RED,CLOTHING,HOODIES,FABRIC 74%COTTON26%POLYESTER,899,PENDING_REVIEW
86917703K-2,16917703K-2,PREMIUM LINE,WHITE,CLOTHING,TRACK TOP,69%COTTON 31%POLYESTER,949,PENDING_REVIEW
872241401-2,172241401-2,LET'S ROCK IT,PURE WHITE,CLOTHING,T-SHIRT,81%COTTON16%POLYESTER3%ELASTANE,749,PENDING_REVIEW
872241401-4,172241401-4,LET'S ROCK IT,BASIC BLACK,CLOTHING,T-SHIRT,81%COTTON16%POLYESTER3%ELASTANE,749,PENDING_REVIEW
892121156-1,192121156-1,,BASIC BLACK,BAGS,BAGS,PLAINWEAVE,699,PENDING_REVIEW
892121253-1,192121253-1,,BASIC BLACK,ACCESSORIES,CAP,108X56 DENIM,249,PENDING_REVIEW
892121253-2,192121253-2,,PURE WHITE,ACCESSORIES,CAP,108X56 DENIM,249,PENDING_REVIEW
892121335-1,192121335-1,,PURE WHITE,SOCKS,SOCKS,32S COMBED COTTON,149,PENDING_REVIEW
892125251-1,192125251-1,,BASIC BLACK,ACCESSORIES,CAP,FOUR-WAY STRETCHY FABRIC COMPOSITE KNITTED BOTTOM,249,PENDING_REVIEW
892125251-3,192125251-3,,PURE WHITE,ACCESSORIES,CAP,FOUR-WAY STRETCHY FABRIC COMPOSITE KNITTED BOTTOM,249,PENDING_REVIEW
892125271-2,192125271-2,,PURE WHITE,ACCESSORIES,CAP,FINE TWILL POLYESTER,249,PENDING_REVIEW
892125301-2,192125301-2,,LIGHT GRAY,SOCKS,SOCKS,40S MINT YARNS,99.00000000000001,PENDING_REVIEW
892125301-3,192125301-3,,BLUE,SOCKS,SOCKS,40S MINT YARNS,99.00000000000001,PENDING_REVIEW
892125301-4,192125301-4,,BASIC BLACK,SOCKS,SOCKS,40S MINT YARNS,99.00000000000001,PENDING_REVIEW
892125302-4,192125302-4,,BASIC BLACK,SOCKS,SOCKS,40S MINT YARNS,99.00000000000001,PENDING_REVIEW
892125303-3,192125303-3,,BASIC BLACK,SOCKS,SOCKS,32S YARN,99.00000000000001,PENDING_REVIEW
892125305-3,192125305-3,,BASIC BLACK,SOCKS,SOCKS,TAIJI STONE YARN,99.00000000000001,PENDING_REVIEW
892125311-3,192125311-3,,BASIC BLACK,SOCKS,SOCKS,TAIJI STONE YARN,99.00000000000001,PENDING_REVIEW
892125331-3,192125331-3,,DEEP GRAY,SOCKS,SOCKS,32S COMBED COTTON,99.00000000000001,PENDING_REVIEW
892125332-3,192125332-3,,BASIC BLACK,SOCKS,SOCKS,32S COMBED COTTON,99.00000000000001,PENDING_REVIEW
892125352-3,192125352-3,,BASIC BLACK,SOCKS,SOCKS,40S MINT YARNS,99.00000000000001,PENDING_REVIEW
892125355-3,192125355-3,,BASIC BLACK,SOCKS,SOCKS,TAIJI STONE YARN,99.00000000000001,PENDING_REVIEW
892125381-3,192125381-3,,BASIC BLACK,SOCKS,SOCKS,32S COMBED COTTON,99.00000000000001,PENDING_REVIEW
892125382-3,192125382-3,,BASIC BLACK,SOCKS,SOCKS,32S COMBED COTTON,99.00000000000001,PENDING_REVIEW
892127301-1,192127301-1,,PURE WHITE,SOCKS,SOCKS,32S COMBED COTTON,49,PENDING_REVIEW
892127301-2,192127301-2,,LIGHT HEATHER GRAY,SOCKS,SOCKS,32S COMBED COTTON,49,PENDING_REVIEW
892127301-3,192127301-3,,BASIC BLACK,SOCKS,SOCKS,32S COMBED COTTON,49,PENDING_REVIEW
892127302-1,192127302-1,,PURE WHITE,SOCKS,SOCKS,32S COMBED COTTON,49,PENDING_REVIEW
892127303-3,192127303-3,,BASIC BLACK,SOCKS,SOCKS,32S COMBED COTTON,49,PENDING_REVIEW
892127304-2,192127304-2,,LIGHT HEATHER GRAY,SOCKS,SOCKS,32S COMBED COTTON,49,PENDING_REVIEW
892127351-1,192127351-1,,PURE WHITE,SOCKS,SOCKS,32S COMBED COTTON,49,PENDING_REVIEW
892127351-2,192127351-2,,FOG ROSE PINK,SOCKS,SOCKS,32S COMBED COTTON,49,PENDING_REVIEW
892127351-3,192127351-3,,BASIC BLACK,SOCKS,SOCKS,32S COMBED COTTON,49,PENDING_REVIEW
892127352-2,192127352-2,,FOG ROSE PINK,SOCKS,SOCKS,32S COMBED COTTON,49,PENDING_REVIEW
892127352-3,192127352-3,,BASIC BLACK,SOCKS,SOCKS,32S COMBED COTTON,49,PENDING_REVIEW
892127401-1,192127401-1,,BASIC BLACK,ACCESSORIES,ACCESSORIES,TOWEL CLOTH,99.00000000000001,PENDING_REVIEW
892127401-2,192127401-2,,PURE WHITE,ACCESSORIES,ACCESSORIES,TOWEL CLOTH,99.00000000000001,PENDING_REVIEW
892128131-2,192128131-2,,BASIC BLACK,BAGS,BAGS,600*600D 78T/PU,399,PENDING_REVIEW
892128131-4,192128131-4,,DARK GRAY VIOLET,BAGS,BAGS,600*600D 78T/PU,399,PENDING_REVIEW
892128151-2,192128151-2,,BASIC BLACK,BAGS,BAGS,600*600D 78T/PU,599,PENDING_REVIEW
892128152-1,192128152-1,,PRINT BLACK,BAGS,BAGS,600*600D 78T/PU,699,PENDING_REVIEW
892128152-2,192128152-2,,BASIC BLACK,BAGS,BAGS,600*600D 78T/PU,699,PENDING_REVIEW
892128153-1,192128153-1,,FLUORESCENT ORANGE,BAGS,BAGS,PLAINWEAVE/PU,349,PENDING_REVIEW
892128153-2,192128153-2,,GREEN,BAGS,BAGS,PLAINWEAVE/PU,349,PENDING_REVIEW
892128153-4,192128153-4,,LIGHT BLUE,BAGS,BAGS,PLAINWEAVE/PU,349,PENDING_REVIEW
892128153-5,192128153-5,,DARK GRAY VIOLET,BAGS,BAGS,272 TWILL,349,PENDING_REVIEW
892128154-2,192128154-2,,BASIC BLACK,BAGS,BAGS,272 TWILL,449,PENDING_REVIEW
892128154-4,192128154-4,,HOT PINK/SNSHN YLLW,BAGS,BAGS,272 TWILL,449,PENDING_REVIEW
892128154-5,192128154-5,,BASIC BLACK,BAGS,BAGS,272 TWILL,449,PENDING_REVIEW
892128165-1,192128165-1,,BASIC BLACK,BAGS,BAGS,840D NYLON/PU,1049,PENDING_REVIEW
892128165-3,192128165-3,,GRAY,BAGS,BAGS,840D NYLON/PU,1049,PENDING_REVIEW
892128241-2,192128241-2,,PAPER WHITE/BLACK,ACCESSORIES,CAP,108X56 DENIM,249,PENDING_REVIEW
892128281-1,192128281-1,,BASIC BLACK,ACCESSORIES,CAP,POLYESTER,299,PENDING_REVIEW
892128281-2,192128281-2,,HOT PINK/SNSHN YLLW,ACCESSORIES,CAP,POLYESTER,299,PENDING_REVIEW
892128281-3,192128281-3,,PAPER WHITE,ACCESSORIES,CAP,POLYESTER,299,PENDING_REVIEW
892131151-1,192131151-1,,BASIC BLACK,BAGS,BAGS,TWILL/PU,749,PENDING_REVIEW
892131151-2,192131151-2,,BASIC BLACK/DEEP GREEN,BAGS,BAGS,TWILL/PU,749,PENDING_REVIEW
892131152-1,192131152-1,,BASIC BLACK,BAGS,BAGS,420D JACQUARD/PU,949,PENDING_REVIEW
892131152-2,192131152-2,,BASIC BLACK/DEEP GREEN,BAGS,BAGS,TWILL/PU,949,PENDING_REVIEW
892131251-1,192131251-1,,BASIC BLACK,ACCESSORIES,CAP,108X56 DENIM,249,PENDING_REVIEW
892131251-2,192131251-2,,LEAF YELLOW,ACCESSORIES,CAP,108X56 DENIM,249,PENDING_REVIEW
892131251-3,192131251-3,,PURE WHITE,ACCESSORIES,CAP,108X56 DENIM,249,PENDING_REVIEW
892131252-1,192131252-1,,BASIC BLACK,ACCESSORIES,CAP,108X56 DENIM,249,PENDING_REVIEW
892131252-2,192131252-2,,GALAXY BLUE,ACCESSORIES,CAP,108X56 DENIM,249,PENDING_REVIEW
892131253-1,192131253-1,,BASIC BLACK,ACCESSORIES,CAP,POLYESTER,249,PENDING_REVIEW
892131321-2,192131321-2,,BASIC BLACK,SOCKS,SOCKS,32S COMBED COTTON,199,PENDING_REVIEW
892131321-4,192131321-4,,LUMINESCENT GREEN,SOCKS,SOCKS,32S COMBED COTTON,199,PENDING_REVIEW
892131321-5,192131321-5,,CRYSTAL VIOLET,SOCKS,SOCKS,32S COMBED COTTON,199,PENDING_REVIEW
892131331-1,192131331-1,,PURE WHITE,SOCKS,SOCKS,32S COMBED COTTON,149,PENDING_REVIEW
892131335-1,192131335-1,,PURE WHITE,SOCKS,SOCKS,32S COMBED COTTON,149,PENDING_REVIEW
892131335-2,192131335-2,,LUMINESCENT GREEN,SOCKS,SOCKS,32S COMBED COTTON,149,PENDING_REVIEW
892131335-3,192131335-3,,BASIC BLACK,SOCKS,SOCKS,32S COMBED COTTON,149,PENDING_REVIEW
892131337-1,192131337-1,,PURE WHITE/GALAXY BLUE,SOCKS,SOCKS,32S COMBED COTTON,149,PENDING_REVIEW
892131337-2,192131337-2,,BASIC BLACK,SOCKS,SOCKS,32S COMBED COTTON,149,PENDING_REVIEW
892131338-1,192131338-1,,SEA FOG BLUE,SOCKS,SOCKS,32S COMBED COTTON,149,PENDING_REVIEW
892131338-2,192131338-2,,OAK RED,SOCKS,SOCKS,32S COMBED COTTON,149,PENDING_REVIEW
892131401-1,192131401-1,,BASIC BLACK,ACCESSORIES,ACCESSORIES,NYLON,99.00000000000001,PENDING_REVIEW
892131411-1,192131411-1,,BASIC BLACK,ACCESSORIES,ACCESSORIES,NYLON,199,PENDING_REVIEW
892131411-2,192131411-2,,PAPYRUS WHITE,ACCESSORIES,ACCESSORIES,NYLON,199,PENDING_REVIEW
892131412-1,192131412-1,,BASIC BLACK,ACCESSORIES,ACCESSORIES,NYLON,149,PENDING_REVIEW
892131432-1,192131432-1,,BASIC BLACK,ACCESSORIES,ACCESSORIES,NYLON,199,PENDING_REVIEW
892131442-1,192131442-1,,BASIC BLACK,ACCESSORIES,ACCESSORIES,NYLON,249,PENDING_REVIEW
892131703-1,192131703-1,,MILK BROWN,ACCESSORIES,ACCESSORIES,PU,699,PENDING_REVIEW
892131705-1,192131705-1,,RED BROWN,ACCESSORIES,ACCESSORIES,PU,498.99999999999994,PENDING_REVIEW
892131708-1,192131708-1,,LUMINESCENT GREEN/PURE WHITE,ACCESSORIES,ACCESSORIES,PU,699,PENDING_REVIEW
892131721-1,192131721-1,,LUMINESCENT GREEN/SEED GREEN/PURE WHITE,ACCESSORIES,ACCESSORIES,ANTISKID PU,699,PENDING_REVIEW
892131721-2,192131721-2,,PURE WHITE/BLACK,ACCESSORIES,ACCESSORIES,ANTISKID PU,699,PENDING_REVIEW
892131723-1,192131723-1,,NORSE BLUE/SEA FOG BLUE,ACCESSORIES,ACCESSORIES,ANTISKID PU,749,PENDING_REVIEW
892135231-1,192135231-1,,WEAR PURPLE,ACCESSORIES,CAP,ULTRA-THIN BREATHABLE CLOTH,249,PENDING_REVIEW
892135231-2,192135231-2,,PURE WHITE,ACCESSORIES,CAP,ULTRA-THIN BREATHABLE CLOTH,249,PENDING_REVIEW
892135301-1,192135301-1,,PURE WHITE,SOCKS,SOCKS,32S BAMBOO YARN,99.00000000000001,PENDING_REVIEW
892135301-2,192135301-2,,BLUE SILK GREEN,SOCKS,SOCKS,32S BAMBOO YARN,99.00000000000001,PENDING_REVIEW
892135301-3,192135301-3,,BASIC BLACK,SOCKS,SOCKS,32S BAMBOO YARN,99.00000000000001,PENDING_REVIEW
892135303-2,192135303-2,,SEA FOG BLUE,SOCKS,SOCKS,32S TAIJI STONE YARN,99.00000000000001,PENDING_REVIEW
892135303-3,192135303-3,,BASIC BLACK,SOCKS,SOCKS,32S TAIJI STONE YARN,99.00000000000001,PENDING_REVIEW
892135311-2,192135311-2,,BLUE SILK GREEN,SOCKS,SOCKS,32S BAMBOO YARN,99.00000000000001,PENDING_REVIEW
892135311-3,192135311-3,,BASIC BLACK,SOCKS,SOCKS,32S BAMBOO YARN,99.00000000000001,PENDING_REVIEW
892135312-1,192135312-1,,PURE WHITE,SOCKS,SOCKS,32S COFFEE YARN,99.00000000000001,PENDING_REVIEW
892135312-3,192135312-3,,BASIC BLACK,SOCKS,SOCKS,32S COFFEE YARN,99.00000000000001,PENDING_REVIEW
892135331-1,192135331-1,,REVERIE BLUE,SOCKS,SOCKS,32S COMBED COTTON,99.00000000000001,PENDING_REVIEW
892135331-2,192135331-2,,CHIP GRAY,SOCKS,SOCKS,32S COMBED COTTON,99.00000000000001,PENDING_REVIEW
892135331-3,192135331-3,,BASIC BLACK,SOCKS,SOCKS,32S COMBED COTTON,99.00000000000001,PENDING_REVIEW
892135332-3,192135332-3,,BASIC BLACK,SOCKS,SOCKS,32S COMBED COTTON,99.00000000000001,PENDING_REVIEW
892135351-3,192135351-3,,PURPLE,SOCKS,SOCKS,32S BAMBOO YARN,99.00000000000001,PENDING_REVIEW
892135353-1,192135353-1,,PURE WHITE,SOCKS,SOCKS,32S TAIJI STONE YARN,99.00000000000001,PENDING_REVIEW
892135353-2,192135353-2,,PUTTY PINK,SOCKS,SOCKS,32S TAIJI STONE YARN,99.00000000000001,PENDING_REVIEW
892135353-3,192135353-3,,BASIC BLACK,SOCKS,SOCKS,32S TAIJI STONE YARN,99.00000000000001,PENDING_REVIEW
892135361-1,192135361-1,,PURE WHITE,SOCKS,SOCKS,32S BAMBOO YARN,99.00000000000001,PENDING_REVIEW
892135361-2,192135361-2,,PINK,SOCKS,SOCKS,32S BAMBOO YARN,99.00000000000001,PENDING_REVIEW
892135361-3,192135361-3,,PURPLE,SOCKS,SOCKS,32S BAMBOO YARN,99.00000000000001,PENDING_REVIEW
892135371-1,192135371-1,,PURE WHITE,SOCKS,SOCKS,32S COMBED COTTON,99.00000000000001,PENDING_REVIEW
892135371-3,192135371-3,,BASIC BLACK,SOCKS,SOCKS,32S COMBED COTTON,99.00000000000001,PENDING_REVIEW
892135975-1,192135975-1,,BASIC BLACK,CLOTHING,UNDERWEAR,BAMBOO FIBER,249,PENDING_REVIEW
892135975-2,192135975-2,,GULF BLUE,CLOTHING,UNDERWEAR,BAMBOO FIBER,249,PENDING_REVIEW
892137122-1,192137122-1,,BASIC BLACK,BAGS,BAGS,NYLON/PU,449,PENDING_REVIEW
892137122-3,192137122-3,,BRIGHT SILVER,BAGS,BAGS,NYLON/PU,449,PENDING_REVIEW
892137127-1,192137127-1,,BASIC BLACK,BAGS,BAGS,PLAINWEAVE,349,PENDING_REVIEW
892137127-3,192137127-3,,CAMOUFLAGE BLACK,BAGS,BAGS,PLAINWEAVE,349,PENDING_REVIEW
892137131-1,192137131-1,,BASIC BLACK,BAGS,BAGS,PLAINWEAVE,498.99999999999994,PENDING_REVIEW
892137152-1,192137152-1,,BASIC BLACK,BAGS,BAGS,NYLON/PU,749,PENDING_REVIEW
892137152-2,192137152-2,,TAOYUAN GREEN,BAGS,BAGS,NYLON/PU,749,PENDING_REVIEW
892137152-3,192137152-3,,BRIGHT SILVER,BAGS,BAGS,NYLON/PU,749,PENDING_REVIEW
892137155-1,192137155-1,,BASIC BLACK,BAGS,BAGS,PLAINWEAVE,749,PENDING_REVIEW
892137155-2,192137155-2,,TILE BLUE,BAGS,BAGS,PLAINWEAVE,749,PENDING_REVIEW
892137157-1,192137157-1,,BASIC BLACK,BAGS,BAGS,PLAINWEAVE,849,PENDING_REVIEW
892137157-2,192137157-2,,TILE BLUE,BAGS,BAGS,PLAINWEAVE,849,PENDING_REVIEW
892137159-1,192137159-1,,BASIC BLACK,BAGS,BAGS,PLAINWEAVE,599,PENDING_REVIEW
892137251-1,192137251-1,,BASIC BLACK,ACCESSORIES,CAP,108X56 DENIM,199,PENDING_REVIEW
892137251-3,192137251-3,,PURE WHITE,ACCESSORIES,CAP,108X56 DENIM,199,PENDING_REVIEW
892137252-1,192137252-1,,BASIC BLACK,ACCESSORIES,CAP,POLYESTER,249,PENDING_REVIEW
892137252-3,192137252-3,,PAPYRUS WHITE,ACCESSORIES,CAP,POLYESTER,249,PENDING_REVIEW
892137301-1,192137301-1,,PURE WHITE,SOCKS,SOCKS,32S COMBED COTTON,49,PENDING_REVIEW
892137301-3,192137301-3,,LIGHT HEATHER GRAY,SOCKS,SOCKS,32S COMBED COTTON,49,PENDING_REVIEW
892137301-4,192137301-4,,BASIC BLACK,SOCKS,SOCKS,32S COMBED COTTON,49,PENDING_REVIEW
892137302-1,192137302-1,,PURE WHITE,SOCKS,SOCKS,32S COMBED COTTON,49,PENDING_REVIEW
892137302-4,192137302-4,,BASIC BLACK,SOCKS,SOCKS,32S COMBED COTTON,49,PENDING_REVIEW
892137305-1,192137305-1,,PURE WHITE,SOCKS,SOCKS,32S COMBED COTTON,99.00000000000001,PENDING_REVIEW
892137305-2,192137305-2,,LIGHT HEATHER GRAY,SOCKS,SOCKS,32S COMBED COTTON,99.00000000000001,PENDING_REVIEW
892137305-3,192137305-3,,BASIC BLACK,SOCKS,SOCKS,32S COMBED COTTON,99.00000000000001,PENDING_REVIEW
892137306-1,192137306-1,,PURE WHITE,SOCKS,SOCKS,32S COMBED COTTON,99.00000000000001,PENDING_REVIEW
892137306-2,192137306-2,,PURE WHITE,SOCKS,SOCKS,32S COMBED COTTON,99.00000000000001,PENDING_REVIEW
892137306-3,192137306-3,,WEAR PURPLE,SOCKS,SOCKS,32S COMBED COTTON,99.00000000000001,PENDING_REVIEW
892137306-4,192137306-4,,BASIC BLACK,SOCKS,SOCKS,32S COMBED COTTON,99.00000000000001,PENDING_REVIEW
892137307-1,192137307-1,,LIGHT GRAY,SOCKS,SOCKS,32S LONG-STAPLE COTTON,99.00000000000001,PENDING_REVIEW
892137307-2,192137307-2,,SEA FOG BLUE,SOCKS,SOCKS,32S LONG-STAPLE COTTON,99.00000000000001,PENDING_REVIEW
892137311-3,192137311-3,,LIGHT HEATHER GRAY,SOCKS,SOCKS,32S COMBED COTTON,99.00000000000001,PENDING_REVIEW
892137311-4,192137311-4,,BASIC BLACK,SOCKS,SOCKS,32S COMBED COTTON,99.00000000000001,PENDING_REVIEW
892137971-2,192137971-2,,DARK HEATHER GRAY,CLOTHING,UNDERWEAR,COTTON-SPANDEX CLOTH,149,PENDING_REVIEW
892137971-3,192137971-3,,LIGHT HEATHER GRAY,CLOTHING,UNDERWEAR,COTTON-SPANDEX CLOTH,149,PENDING_REVIEW
892137972-1,192137972-1,,BASIC BLACK,CLOTHING,UNDERWEAR,COTTON MODAL CLOTH,199,PENDING_REVIEW
892137972-2,192137972-2,,DEEP GRAY,CLOTHING,UNDERWEAR,COTTON MODAL CLOTH,199,PENDING_REVIEW
892137972-4,192137972-4,,GRAY BLUE,CLOTHING,UNDERWEAR,COTTON MODAL CLOTH,199,PENDING_REVIEW
892137973-1,192137973-1,,BASIC BLACK,CLOTHING,UNDERWEAR,60S MODAL,199,PENDING_REVIEW
892138123-1,192138123-1,,BASIC BLACK,BAGS,BAGS,PU,498.99999999999994,PENDING_REVIEW
892138123-3,192138123-3,,PAPYRUS WHITE,BAGS,BAGS,PU,498.99999999999994,PENDING_REVIEW
892138132-1,192138132-1,,BASIC BLACK,BAGS,BAGS,PU,599,PENDING_REVIEW
892138132-2,192138132-2,,CHIP GRAY,BAGS,BAGS,272 TWILL,599,PENDING_REVIEW
892138143-2,192138143-2,,PURPLE/BASIC BLACK,BAGS,BAGS,PLAINWEAVE/PU,449,PENDING_REVIEW
892138143-3,192138143-3,,STRONG MILD RED,BAGS,BAGS,PLAINWEAVE/PU,449,PENDING_REVIEW
892138143-4,192138143-4,,BRIGHT BLUE,BAGS,BAGS,PLAINWEAVE/PU,449,PENDING_REVIEW
892138143-5,192138143-5,,BLACK BLUE,BAGS,BAGS,PLAINWEAVE/PU,449,PENDING_REVIEW
892138143-6,192138143-6,,BLACK-YELLOW,BAGS,BAGS,PLAINWEAVE/PU,449,PENDING_REVIEW
892138144-1,192138144-1,,BASIC BLACK,BAGS,BAGS,PU,498.99999999999994,PENDING_REVIEW
892138144-3,192138144-3,,PAPYRUS WHITE,BAGS,BAGS,PU,498.99999999999994,PENDING_REVIEW
892138151-1,192138151-1,,BLACK BLUE,BAGS,BAGS,PLAINWEAVE/PU,599,PENDING_REVIEW
892138151-2,192138151-2,,BLACK-YELLOW,BAGS,BAGS,PLAINWEAVE/PU,599,PENDING_REVIEW
892138151-3,192138151-3,,BLOSSOM PINK/BUBBLY PURPLE,BAGS,BAGS,PLAINWEAVE/PU,599,PENDING_REVIEW
892138151-4,192138151-4,,PURPLE/BASIC BLACK,BAGS,BAGS,PLAINWEAVE/PU,599,PENDING_REVIEW
892138151-6,192138151-6,,BRIGHT BLUE,BAGS,BAGS,PLAINWEAVE/PU,599,PENDING_REVIEW
892138151-7,192138151-7,,STRONG MILD RED,BAGS,BAGS,PLAINWEAVE/PU,599,PENDING_REVIEW
892138153-1,192138153-1,,BASIC BLACK,BAGS,BAGS,TWILL/PU,749,PENDING_REVIEW
892138153-2,192138153-2,,BLACK-YELLOW,BAGS,BAGS,TWILL/PU,749,PENDING_REVIEW
892138153-3,192138153-3,,SPLENDID PINK,BAGS,BAGS,TWILL/PU,749,PENDING_REVIEW
892138154-1,192138154-1,,BASIC BLACK,BAGS,BAGS,TWILL/PU,849,PENDING_REVIEW
892138155-1,192138155-1,,BASIC BLACK,BAGS,BAGS,PU,699,PENDING_REVIEW
892138155-2,192138155-2,,PAPYRUS WHITE,BAGS,BAGS,PU,699,PENDING_REVIEW
892138156-1,192138156-1,,BASIC BLACK,BAGS,BAGS,PU,749,PENDING_REVIEW
892138157-1,192138157-1,,BASIC BLACK,BAGS,BAGS,PU,1149,PENDING_REVIEW
892138231-1,192138231-1,,BASIC BLACK,ACCESSORIES,CAP,POLYESTER,299,PENDING_REVIEW
892138231-2,192138231-2,,PAPYRUS WHITE/BASIC BLACK,ACCESSORIES,CAP,POLYESTER,299,PENDING_REVIEW
892138252-1,192138252-1,,BASIC BLACK,ACCESSORIES,CAP,POLYESTER,249,PENDING_REVIEW
892138252-2,192138252-2,,BASIC BLACK/DEEP GRAY,ACCESSORIES,CAP,POLYESTER,249,PENDING_REVIEW
892138252-3,192138252-3,,BEIGE,ACCESSORIES,CAP,POLYESTER,249,PENDING_REVIEW
892138253-3,192138253-3,,PAPYRUS WHITE,ACCESSORIES,CAP,POLYESTER,249,PENDING_REVIEW
892138271-1,192138271-1,,BASIC BLACK,ACCESSORIES,HAT,POLYESTER,249,PENDING_REVIEW
892138271-2,192138271-2,,LIGHT BEIGE/JUJUBE RED,ACCESSORIES,HAT,POLYESTER,249,PENDING_REVIEW
892138282-1,192138282-1,,BASIC BLACK,ACCESSORIES,HAT,POLYESTER,299,PENDING_REVIEW
892138282-2,192138282-2,,BASIC BLACK/ORANGE,ACCESSORIES,HAT,POLYESTER,299,PENDING_REVIEW
892138312-3,192138312-3,,BASIC BLACK,SOCKS,SOCKS,32S COMBED COTTON,99.00000000000001,PENDING_REVIEW
892138323-1,192138323-1,,PAPYRUS WHITE,SOCKS,SOCKS,32S COMBED COTTON,99.00000000000001,PENDING_REVIEW
892138323-3,192138323-3,,DEEP GRAY,SOCKS,SOCKS,32S COMBED COTTON,99.00000000000001,PENDING_REVIEW
892138340-1,192138340-1,,MIRAGE BLUE/MICRO CHIP GREY/EARTH GREEN,SOCKS,SOCKS,32S COMBED COTTON,199,PENDING_REVIEW
892138340-2,192138340-2,,SMOKE GREEN/ROCK PINK/CATKIN PURPLE,SOCKS,SOCKS,32S COMBED COTTON,199,PENDING_REVIEW
892138351-1,192138351-1,,PAPYRUS WHITE,SOCKS,SOCKS,32S COMBED COTTON,99.00000000000001,PENDING_REVIEW
892138351-2,192138351-2,,LAWN,SOCKS,SOCKS,32S COMBED COTTON,99.00000000000001,PENDING_REVIEW
892138361-1,192138361-1,,PAPYRUS WHITE,SOCKS,SOCKS,32S COMBED COTTON,99.00000000000001,PENDING_REVIEW
892138971-1,192138971-1,,BASIC BLACK,CLOTHING,UNDERWEAR,BAMBOO FIBER,199,PENDING_REVIEW
892138971-2,192138971-2,,SIGNAL BLUE,CLOTHING,UNDERWEAR,BAMBOO FIBER,199,PENDING_REVIEW
892138971-3,192138971-3,,LIGHT SILVER GRAY,CLOTHING,UNDERWEAR,BAMBOO FIBER,199,PENDING_REVIEW
892138972-1,192138972-1,,BROWN KHAKI/IRON BLUE,CLOTHING,UNDERWEAR,60S MODAL,249,PENDING_REVIEW
892138972-2,192138972-2,,DEEP SHADOW BLUE/PORCELAIN BLUE,CLOTHING,UNDERWEAR,60S MODAL,249,PENDING_REVIEW
892138972-3,192138972-3,,LEAFAGE YELLOW/GULF BLUE,CLOTHING,UNDERWEAR,60S MODAL,249,PENDING_REVIEW
892138973-1,192138973-1,,BASIC BLACK,CLOTHING,UNDERWEAR,BAMBOO FIBER,199,PENDING_REVIEW
892138973-2,192138973-2,,DARK GREEN,CLOTHING,UNDERWEAR,BAMBOO FIBER,199,PENDING_REVIEW
892138973-3,192138973-3,,MEDIUM GRAY,CLOTHING,UNDERWEAR,BAMBOO FIBER,199,PENDING_REVIEW
892241321-1,192241321-1,BASKETBALL,BASIC BLACK,SOCKS,SOCKS,[THE SOLE NOT INCLUDE THE MIDDLE SPANDEX AND STRIP ]81.4%COTTON16.2%POLYAMIDE2.4%SPANDEX,149,PENDING_REVIEW
892241321-3,192241321-3,BASKETBALL,BLUE,SOCKS,SOCKS,[THE SOLE NOT INCLUDE THE MIDDLE SPANDEX AND STRIP ]81.4%COTTON16.2%POLYAMIDE2.4%SPANDEX,149,PENDING_REVIEW
892241336-2,192241336-2,BASKETBALL,PURE WHITE/D.VIOLET,SOCKS,SOCKS,[THE SOLE NOT INCLUDE THE MIDDLE SPANDEX AND STRIP ]94.7%COTTON4.5%POLYAMIDE0.8%SPANDEX,149,PENDING_REVIEW
892241336-3,192241336-3,BASKETBALL,PURE WHITE/GREEN,SOCKS,SOCKS,[THE SOLE NOT INCLUDE THE MIDDLE SPANDEX AND STRIP ]94.7%COTTON4.5%POLYAMIDE0.8%SPANDEX,149,PENDING_REVIEW
892241722-1,192241722-1,BASKETBALL,BASIC BLACK/YELLOW,ACCESSORIES,ACCESSORIES,100%PU,849,PENDING_REVIEW
892241724-1,192241724-1,BASKETBALL,ORANGE,ACCESSORIES,ACCESSORIES,100%PU,949,PENDING_REVIEW
892241724-2,192241724-2,BASKETBALL,D.VLET/YLLW/PURE WHT,ACCESSORIES,ACCESSORIES,100%PU,949,PENDING_REVIEW
